perturbation_context,category_id,perturbed_parameter,sigmoid_state_change,n_rows,n_candidates,phase_transition_fraction
MFA_BA_from_MFA_legacy,MFA|100|closed_low|closed_low|fully_closed_at_sim_end|closed_low,gki,unchanged_closed,30,2,0.0
MFA_BA_from_MFA_legacy,MFA|100|open_high|open_high|early_sustained_open_recruitment|open_high,gki,unchanged_open,15,1,0.0
MFA_BA_from_MFA_legacy,MFA|100|partial_mid|closed_low|delayed_ionic_recruitment_after_load|partial_mid,gki,partial_to_closed,15,1,1.0
MFA_BA_from_MFA_legacy,MFA|125|closed_low|closed_low|fully_closed_at_sim_end|closed_low,gki,unchanged_closed,30,2,0.0
MFA_BA_from_MFA_legacy,MFA|125|open_high|partial_mid|fully_open_at_sim_end|open_high,gki,open_to_partial,15,1,1.0
MFA_BA_from_MFA_legacy,MFA|150|closed_low|closed_low|fully_closed_at_sim_end|closed_low,gki,unchanged_closed,30,2,0.0
MFA_BA_from_MFA_legacy,MFA|150|open_high|open_high|early_sustained_open_recruitment|open_high,gki,open_to_closed,15,1,1.0
MFA_BA_from_MFA_legacy,MFA|150|open_high|open_high|early_sustained_open_recruitment|open_high,gki,unchanged_open,15,1,0.0
MFA_BA_from_MFA_legacy,MFA|150|partial_mid|open_high|intermediate_or_mixed_temporal_recruitment|partial_mid,gki,partial_to_open,11,1,1.0
MFA_BA_from_MFA_legacy,MFA|150|partial_mid|open_high|intermediate_or_mixed_temporal_recruitment|partial_mid,gki,unchanged_partial,4,1,0.0
MFA_BA_from_MFA_legacy,MFA|150|partial_mid|partial_mid|intermediate_or_mixed_temporal_recruitment|partial_mid,gki,delayed_opening_after_load,2,1,1.0
MFA_BA_from_MFA_legacy,MFA|150|partial_mid|partial_mid|intermediate_or_mixed_temporal_recruitment|partial_mid,gki,opened_during_stim_then_closed_by_end,2,1,1.0
MFA_BA_from_MFA_legacy,MFA|150|partial_mid|partial_mid|intermediate_or_mixed_temporal_recruitment|partial_mid,gki,partial_to_closed,7,2,1.0
MFA_BA_from_MFA_legacy,MFA|150|partial_mid|partial_mid|intermediate_or_mixed_temporal_recruitment|partial_mid,gki,unchanged_partial,19,2,0.0
MFA_BA_from_MFA_legacy,MFA|175|closed_low|closed_low|fully_closed_at_sim_end|closed_low,gki,unchanged_closed,30,2,0.0
MFA_BA_from_MFA_legacy,MFA|175|closed_low|partial_mid|recruited_during_load_then_closed_by_end|closed_low,gki,closed_to_partial,12,1,1.0
MFA_BA_from_MFA_legacy,MFA|175|closed_low|partial_mid|recruited_during_load_then_closed_by_end|closed_low,gki,unchanged_closed,3,1,0.0
MFA_BA_from_MFA_legacy,MFA|175|open_high|open_high|early_sustained_open_recruitment|open_high,gki,open_to_closed,15,1,1.0
MFA_BA_from_MFA_legacy,MFA|175|open_high|open_high|early_sustained_open_recruitment|open_high,gki,unchanged_open,15,1,0.0
MFA_BA_from_MFA_legacy,MFA|175|open_high|partial_mid|fully_open_at_sim_end|open_high,gki,open_to_closed,15,1,1.0
MFA_BA_from_MFA_legacy,MFA|175|partial_mid|closed_low|delayed_ionic_recruitment_after_load|partial_mid,gki,partial_to_closed,15,1,1.0
MFA_BA_from_MFA_legacy,MFA|175|partial_mid|partial_mid|intermediate_or_mixed_temporal_recruitment|partial_mid,gki,partial_to_closed,15,1,1.0
MFA_BA_from_MFA_legacy,MFA|175|partial_mid|partial_mid|intermediate_or_mixed_temporal_recruitment|partial_mid,gki,unchanged_partial,15,1,0.0
MFA_BA_from_MFA_legacy,MFA|50|closed_low|closed_low|fully_closed_at_sim_end|closed_low,gki,unchanged_closed,30,2,0.0
MFA_BA_from_MFA_legacy,MFA|75|closed_low|closed_low|fully_closed_at_sim_end|closed_low,gki,unchanged_closed,30,2,0.0
MFA_BA_stacked_on_control_legacy,CONTROL|100|closed_low|closed_low|fully_closed_at_sim_end|closed_low,gki,unchanged_closed,30,2,0.0
MFA_BA_stacked_on_control_legacy,CONTROL|100|closed_low|open_high|recruited_during_load_then_closed_by_end|closed_low,gki,unchanged_closed,15,1,0.0
MFA_BA_stacked_on_control_legacy,CONTROL|100|closed_low|partial_mid|recruited_during_load_then_closed_by_end|closed_low,gki,unchanged_closed,30,2,0.0
MFA_BA_stacked_on_control_legacy,CONTROL|100|partial_mid|partial_mid|intermediate_or_mixed_temporal_recruitment|partial_mid,gki,partial_to_closed,15,1,1.0
MFA_BA_stacked_on_control_legacy,CONTROL|125|closed_low|closed_low|fully_closed_at_sim_end|closed_low,gki,unchanged_closed,30,2,0.0
MFA_BA_stacked_on_control_legacy,CONTROL|125|closed_low|open_high|recruited_during_load_then_closed_by_end|closed_low,gki,unchanged_closed,30,2,0.0
MFA_BA_stacked_on_control_legacy,CONTROL|125|open_high|open_high|early_sustained_open_recruitment|open_high,gki,open_to_closed,30,2,1.0
MFA_BA_stacked_on_control_legacy,CONTROL|125|partial_mid|open_high|intermediate_or_mixed_temporal_recruitment|partial_mid,gki,partial_to_closed,30,2,1.0
MFA_BA_stacked_on_control_legacy,CONTROL|150|closed_low|closed_low|fully_closed_at_sim_end|closed_low,gki,unchanged_closed,30,2,0.0
MFA_BA_stacked_on_control_legacy,CONTROL|150|partial_mid|partial_mid|intermediate_or_mixed_temporal_recruitment|partial_mid,gki,unchanged_partial,30,2,0.0
MFA_BA_stacked_on_control_legacy,CONTROL|175|closed_low|closed_low|fully_closed_at_sim_end|closed_low,gki,unchanged_closed,30,2,0.0
MFA_BA_stacked_on_control_legacy,CONTROL|175|closed_low|open_high|recruited_during_load_then_closed_by_end|closed_low,gki,closed_to_open,15,1,1.0
MFA_BA_stacked_on_control_legacy,CONTROL|175|closed_low|open_high|recruited_during_load_then_closed_by_end|closed_low,gki,unchanged_closed,15,1,0.0
MFA_BA_stacked_on_control_legacy,CONTROL|175|open_high|closed_low|delayed_ionic_recruitment_after_load|open_high,gki,open_to_closed,15,1,1.0
MFA_BA_stacked_on_control_legacy,CONTROL|175|open_high|open_high|early_sustained_open_recruitment|open_high,gki,unchanged_open,30,2,0.0
MFA_BA_stacked_on_control_legacy,CONTROL|175|partial_mid|closed_low|delayed_ionic_recruitment_after_load|partial_mid,gki,partial_to_closed,30,2,1.0
MFA_BA_stacked_on_control_legacy,CONTROL|50|closed_low|closed_low|fully_closed_at_sim_end|closed_low,gki,unchanged_closed,30,2,0.0
MFA_BA_stacked_on_control_legacy,CONTROL|50|closed_low|open_high|recruited_during_load_then_closed_by_end|closed_low,gki,unchanged_closed,15,1,0.0
MFA_BA_stacked_on_control_legacy,CONTROL|50|open_high|open_high|early_sustained_open_recruitment|open_high,gki,unchanged_open,30,2,0.0
MFA_BA_stacked_on_control_legacy,CONTROL|75|closed_low|closed_low|fully_closed_at_sim_end|closed_low,gki,unchanged_closed,30,2,0.0
MFA_like_from_control_legacy,CONTROL|100|closed_low|closed_low|fully_closed_at_sim_end|closed_low,P_gap_eff,unchanged_closed,48,2,0.0
MFA_like_from_control_legacy,CONTROL|100|closed_low|closed_low|fully_closed_at_sim_end|closed_low,gamma_s_eff,unchanged_closed,30,2,0.0
MFA_like_from_control_legacy,CONTROL|100|closed_low|closed_low|fully_closed_at_sim_end|closed_low,zs,unchanged_closed,10,2,0.0
MFA_like_from_control_legacy,CONTROL|100|closed_low|closed_low|fully_closed_at_sim_end|closed_low,zth,unchanged_closed,28,2,0.0
MFA_like_from_control_legacy,CONTROL|100|closed_low|open_high|recruited_during_load_then_closed_by_end|closed_low,P_gap_eff,unchanged_closed,24,1,0.0
MFA_like_from_control_legacy,CONTROL|100|closed_low|open_high|recruited_during_load_then_closed_by_end|closed_low,gamma_s_eff,unchanged_closed,15,1,0.0
MFA_like_from_control_legacy,CONTROL|100|closed_low|open_high|recruited_during_load_then_closed_by_end|closed_low,zs,unchanged_closed,5,1,0.0
MFA_like_from_control_legacy,CONTROL|100|closed_low|open_high|recruited_during_load_then_closed_by_end|closed_low,zth,unchanged_closed,14,1,0.0
MFA_like_from_control_legacy,CONTROL|100|closed_low|partial_mid|recruited_during_load_then_closed_by_end|closed_low,P_gap_eff,unchanged_closed,48,2,0.0
MFA_like_from_control_legacy,CONTROL|100|closed_low|partial_mid|recruited_during_load_then_closed_by_end|closed_low,gamma_s_eff,unchanged_closed,30,2,0.0
MFA_like_from_control_legacy,CONTROL|100|closed_low|partial_mid|recruited_during_load_then_closed_by_end|closed_low,zs,unchanged_closed,10,2,0.0
MFA_like_from_control_legacy,CONTROL|100|closed_low|partial_mid|recruited_during_load_then_closed_by_end|closed_low,zth,unchanged_closed,28,2,0.0
MFA_like_from_control_legacy,CONTROL|100|partial_mid|partial_mid|intermediate_or_mixed_temporal_recruitment|partial_mid,P_gap_eff,partial_to_closed,24,1,1.0
MFA_like_from_control_legacy,CONTROL|100|partial_mid|partial_mid|intermediate_or_mixed_temporal_recruitment|partial_mid,gamma_s_eff,partial_to_closed,15,1,1.0
MFA_like_from_control_legacy,CONTROL|100|partial_mid|partial_mid|intermediate_or_mixed_temporal_recruitment|partial_mid,zs,partial_to_closed,5,1,1.0
MFA_like_from_control_legacy,CONTROL|100|partial_mid|partial_mid|intermediate_or_mixed_temporal_recruitment|partial_mid,zth,partial_to_closed,14,1,1.0
MFA_like_from_control_legacy,CONTROL|125|closed_low|closed_low|fully_closed_at_sim_end|closed_low,P_gap_eff,unchanged_closed,48,2,0.0
MFA_like_from_control_legacy,CONTROL|125|closed_low|closed_low|fully_closed_at_sim_end|closed_low,gamma_s_eff,unchanged_closed,30,2,0.0
MFA_like_from_control_legacy,CONTROL|125|closed_low|closed_low|fully_closed_at_sim_end|closed_low,zs,unchanged_closed,10,2,0.0
MFA_like_from_control_legacy,CONTROL|125|closed_low|closed_low|fully_closed_at_sim_end|closed_low,zth,unchanged_closed,28,2,0.0
MFA_like_from_control_legacy,CONTROL|125|closed_low|open_high|recruited_during_load_then_closed_by_end|closed_low,P_gap_eff,unchanged_closed,48,2,0.0
MFA_like_from_control_legacy,CONTROL|125|closed_low|open_high|recruited_during_load_then_closed_by_end|closed_low,gamma_s_eff,unchanged_closed,30,2,0.0
MFA_like_from_control_legacy,CONTROL|125|closed_low|open_high|recruited_during_load_then_closed_by_end|closed_low,zs,unchanged_closed,10,2,0.0
MFA_like_from_control_legacy,CONTROL|125|closed_low|open_high|recruited_during_load_then_closed_by_end|closed_low,zth,unchanged_closed,28,2,0.0
MFA_like_from_control_legacy,CONTROL|125|open_high|open_high|early_sustained_open_recruitment|open_high,P_gap_eff,open_to_closed,48,2,1.0
MFA_like_from_control_legacy,CONTROL|125|open_high|open_high|early_sustained_open_recruitment|open_high,gamma_s_eff,open_to_closed,30,2,1.0
MFA_like_from_control_legacy,CONTROL|125|open_high|open_high|early_sustained_open_recruitment|open_high,zs,open_to_closed,10,2,1.0
MFA_like_from_control_legacy,CONTROL|125|open_high|open_high|early_sustained_open_recruitment|open_high,zth,open_to_closed,28,2,1.0
MFA_like_from_control_legacy,CONTROL|125|partial_mid|open_high|intermediate_or_mixed_temporal_recruitment|partial_mid,P_gap_eff,partial_to_closed,48,2,1.0
MFA_like_from_control_legacy,CONTROL|125|partial_mid|open_high|intermediate_or_mixed_temporal_recruitment|partial_mid,gamma_s_eff,partial_to_closed,30,2,1.0
MFA_like_from_control_legacy,CONTROL|125|partial_mid|open_high|intermediate_or_mixed_temporal_recruitment|partial_mid,zs,partial_to_closed,10,2,1.0
MFA_like_from_control_legacy,CONTROL|125|partial_mid|open_high|intermediate_or_mixed_temporal_recruitment|partial_mid,zth,partial_to_closed,28,2,1.0
MFA_like_from_control_legacy,CONTROL|150|closed_low|closed_low|fully_closed_at_sim_end|closed_low,P_gap_eff,unchanged_closed,48,2,0.0
MFA_like_from_control_legacy,CONTROL|150|closed_low|closed_low|fully_closed_at_sim_end|closed_low,gamma_s_eff,unchanged_closed,30,2,0.0
MFA_like_from_control_legacy,CONTROL|150|closed_low|closed_low|fully_closed_at_sim_end|closed_low,zs,unchanged_closed,10,2,0.0
MFA_like_from_control_legacy,CONTROL|150|closed_low|closed_low|fully_closed_at_sim_end|closed_low,zth,unchanged_closed,28,2,0.0
MFA_like_from_control_legacy,CONTROL|150|partial_mid|partial_mid|intermediate_or_mixed_temporal_recruitment|partial_mid,P_gap_eff,unchanged_partial,48,2,0.0
MFA_like_from_control_legacy,CONTROL|150|partial_mid|partial_mid|intermediate_or_mixed_temporal_recruitment|partial_mid,gamma_s_eff,unchanged_partial,30,2,0.0
MFA_like_from_control_legacy,CONTROL|150|partial_mid|partial_mid|intermediate_or_mixed_temporal_recruitment|partial_mid,zs,unchanged_partial,10,2,0.0
MFA_like_from_control_legacy,CONTROL|150|partial_mid|partial_mid|intermediate_or_mixed_temporal_recruitment|partial_mid,zth,unchanged_partial,28,2,0.0
MFA_like_from_control_legacy,CONTROL|175|closed_low|closed_low|fully_closed_at_sim_end|closed_low,P_gap_eff,unchanged_closed,48,2,0.0
MFA_like_from_control_legacy,CONTROL|175|closed_low|closed_low|fully_closed_at_sim_end|closed_low,gamma_s_eff,unchanged_closed,30,2,0.0
MFA_like_from_control_legacy,CONTROL|175|closed_low|closed_low|fully_closed_at_sim_end|closed_low,zs,unchanged_closed,10,2,0.0
MFA_like_from_control_legacy,CONTROL|175|closed_low|closed_low|fully_closed_at_sim_end|closed_low,zth,unchanged_closed,28,2,0.0
MFA_like_from_control_legacy,CONTROL|175|closed_low|open_high|recruited_during_load_then_closed_by_end|closed_low,P_gap_eff,closed_to_open,24,1,1.0
MFA_like_from_control_legacy,CONTROL|175|closed_low|open_high|recruited_during_load_then_closed_by_end|closed_low,P_gap_eff,unchanged_closed,24,1,0.0
MFA_like_from_control_legacy,CONTROL|175|closed_low|open_high|recruited_during_load_then_closed_by_end|closed_low,gamma_s_eff,closed_to_open,15,1,1.0
MFA_like_from_control_legacy,CONTROL|175|closed_low|open_high|recruited_during_load_then_closed_by_end|closed_low,gamma_s_eff,unchanged_closed,15,1,0.0
MFA_like_from_control_legacy,CONTROL|175|closed_low|open_high|recruited_during_load_then_closed_by_end|closed_low,zs,closed_to_open,5,1,1.0
MFA_like_from_control_legacy,CONTROL|175|closed_low|open_high|recruited_during_load_then_closed_by_end|closed_low,zs,unchanged_closed,5,1,0.0
MFA_like_from_control_legacy,CONTROL|175|closed_low|open_high|recruited_during_load_then_closed_by_end|closed_low,zth,closed_to_open,14,1,1.0
MFA_like_from_control_legacy,CONTROL|175|closed_low|open_high|recruited_during_load_then_closed_by_end|closed_low,zth,unchanged_closed,14,1,0.0
MFA_like_from_control_legacy,CONTROL|175|open_high|closed_low|delayed_ionic_recruitment_after_load|open_high,P_gap_eff,open_to_closed,24,1,1.0
MFA_like_from_control_legacy,CONTROL|175|open_high|closed_low|delayed_ionic_recruitment_after_load|open_high,gamma_s_eff,open_to_closed,15,1,1.0
MFA_like_from_control_legacy,CONTROL|175|open_high|closed_low|delayed_ionic_recruitment_after_load|open_high,zs,open_to_closed,5,1,1.0
MFA_like_from_control_legacy,CONTROL|175|open_high|closed_low|delayed_ionic_recruitment_after_load|open_high,zth,open_to_closed,14,1,1.0
MFA_like_from_control_legacy,CONTROL|175|open_high|open_high|early_sustained_open_recruitment|open_high,P_gap_eff,open_to_closed,2,1,1.0
MFA_like_from_control_legacy,CONTROL|175|open_high|open_high|early_sustained_open_recruitment|open_high,P_gap_eff,unchanged_open,46,2,0.0
MFA_like_from_control_legacy,CONTROL|175|open_high|open_high|early_sustained_open_recruitment|open_high,gamma_s_eff,unchanged_open,30,2,0.0
MFA_like_from_control_legacy,CONTROL|175|open_high|open_high|early_sustained_open_recruitment|open_high,zs,unchanged_open,10,2,0.0
MFA_like_from_control_legacy,CONTROL|175|open_high|open_high|early_sustained_open_recruitment|open_high,zth,open_to_partial,1,1,1.0
MFA_like_from_control_legacy,CONTROL|175|open_high|open_high|early_sustained_open_recruitment|open_high,zth,unchanged_open,27,2,0.0
MFA_like_from_control_legacy,CONTROL|175|partial_mid|closed_low|delayed_ionic_recruitment_after_load|partial_mid,P_gap_eff,opened_during_stim_then_closed_by_end,2,1,1.0
MFA_like_from_control_legacy,CONTROL|175|partial_mid|closed_low|delayed_ionic_recruitment_after_load|partial_mid,P_gap_eff,partial_to_closed,45,2,1.0
MFA_like_from_control_legacy,CONTROL|175|partial_mid|closed_low|delayed_ionic_recruitment_after_load|partial_mid,P_gap_eff,partial_to_open,1,1,1.0
MFA_like_from_control_legacy,CONTROL|175|partial_mid|closed_low|delayed_ionic_recruitment_after_load|partial_mid,gamma_s_eff,partial_to_closed,30,2,1.0
MFA_like_from_control_legacy,CONTROL|175|partial_mid|closed_low|delayed_ionic_recruitment_after_load|partial_mid,zs,partial_to_closed,10,2,1.0
MFA_like_from_control_legacy,CONTROL|175|partial_mid|closed_low|delayed_ionic_recruitment_after_load|partial_mid,zth,partial_to_closed,25,2,1.0
MFA_like_from_control_legacy,CONTROL|175|partial_mid|closed_low|delayed_ionic_recruitment_after_load|partial_mid,zth,partial_to_open,2,2,1.0
MFA_like_from_control_legacy,CONTROL|175|partial_mid|closed_low|delayed_ionic_recruitment_after_load|partial_mid,zth,unchanged_partial,1,1,0.0
MFA_like_from_control_legacy,CONTROL|50|closed_low|closed_low|fully_closed_at_sim_end|closed_low,P_gap_eff,unchanged_closed,48,2,0.0
MFA_like_from_control_legacy,CONTROL|50|closed_low|closed_low|fully_closed_at_sim_end|closed_low,gamma_s_eff,unchanged_closed,30,2,0.0
MFA_like_from_control_legacy,CONTROL|50|closed_low|closed_low|fully_closed_at_sim_end|closed_low,zs,unchanged_closed,10,2,0.0
MFA_like_from_control_legacy,CONTROL|50|closed_low|closed_low|fully_closed_at_sim_end|closed_low,zth,unchanged_closed,28,2,0.0
MFA_like_from_control_legacy,CONTROL|50|closed_low|open_high|recruited_during_load_then_closed_by_end|closed_low,P_gap_eff,unchanged_closed,24,1,0.0
MFA_like_from_control_legacy,CONTROL|50|closed_low|open_high|recruited_during_load_then_closed_by_end|closed_low,gamma_s_eff,unchanged_closed,15,1,0.0
MFA_like_from_control_legacy,CONTROL|50|closed_low|open_high|recruited_during_load_then_closed_by_end|closed_low,zs,unchanged_closed,5,1,0.0
MFA_like_from_control_legacy,CONTROL|50|closed_low|open_high|recruited_during_load_then_closed_by_end|closed_low,zth,unchanged_closed,14,1,0.0
MFA_like_from_control_legacy,CONTROL|50|open_high|open_high|early_sustained_open_recruitment|open_high,P_gap_eff,open_to_closed,4,1,1.0
MFA_like_from_control_legacy,CONTROL|50|open_high|open_high|early_sustained_open_recruitment|open_high,P_gap_eff,unchanged_open,44,2,0.0
MFA_like_from_control_legacy,CONTROL|50|open_high|open_high|early_sustained_open_recruitment|open_high,gamma_s_eff,open_to_closed,3,1,1.0
MFA_like_from_control_legacy,CONTROL|50|open_high|open_high|early_sustained_open_recruitment|open_high,gamma_s_eff,unchanged_open,27,2,0.0
MFA_like_from_control_legacy,CONTROL|50|open_high|open_high|early_sustained_open_recruitment|open_high,zs,unchanged_open,10,2,0.0
MFA_like_from_control_legacy,CONTROL|50|open_high|open_high|early_sustained_open_recruitment|open_high,zth,open_to_closed,5,1,1.0
MFA_like_from_control_legacy,CONTROL|50|open_high|open_high|early_sustained_open_recruitment|open_high,zth,unchanged_open,23,2,0.0
MFA_like_from_control_legacy,CONTROL|75|closed_low|closed_low|fully_closed_at_sim_end|closed_low,P_gap_eff,unchanged_closed,48,2,0.0
MFA_like_from_control_legacy,CONTROL|75|closed_low|closed_low|fully_closed_at_sim_end|closed_low,gamma_s_eff,unchanged_closed,30,2,0.0
MFA_like_from_control_legacy,CONTROL|75|closed_low|closed_low|fully_closed_at_sim_end|closed_low,zs,unchanged_closed,10,2,0.0
MFA_like_from_control_legacy,CONTROL|75|closed_low|closed_low|fully_closed_at_sim_end|closed_low,zth,unchanged_closed,28,2,0.0
MFA_like_from_mfa_legacy,MFA|100|closed_low|closed_low|fully_closed_at_sim_end|closed_low,P_gap_eff,unchanged_closed,48,2,0.0
MFA_like_from_mfa_legacy,MFA|100|closed_low|closed_low|fully_closed_at_sim_end|closed_low,gamma_s_eff,unchanged_closed,30,2,0.0
MFA_like_from_mfa_legacy,MFA|100|closed_low|closed_low|fully_closed_at_sim_end|closed_low,zs,unchanged_closed,10,2,0.0
MFA_like_from_mfa_legacy,MFA|100|closed_low|closed_low|fully_closed_at_sim_end|closed_low,zth,unchanged_closed,28,2,0.0
MFA_like_from_mfa_legacy,MFA|100|open_high|open_high|early_sustained_open_recruitment|open_high,P_gap_eff,unchanged_open,24,1,0.0
MFA_like_from_mfa_legacy,MFA|100|open_high|open_high|early_sustained_open_recruitment|open_high,gamma_s_eff,unchanged_open,15,1,0.0
MFA_like_from_mfa_legacy,MFA|100|open_high|open_high|early_sustained_open_recruitment|open_high,zs,unchanged_open,5,1,0.0
MFA_like_from_mfa_legacy,MFA|100|open_high|open_high|early_sustained_open_recruitment|open_high,zth,unchanged_open,14,1,0.0
MFA_like_from_mfa_legacy,MFA|100|partial_mid|closed_low|delayed_ionic_recruitment_after_load|partial_mid,P_gap_eff,partial_to_closed,21,1,1.0
MFA_like_from_mfa_legacy,MFA|100|partial_mid|closed_low|delayed_ionic_recruitment_after_load|partial_mid,P_gap_eff,unchanged_partial,3,1,0.0
MFA_like_from_mfa_legacy,MFA|100|partial_mid|closed_low|delayed_ionic_recruitment_after_load|partial_mid,gamma_s_eff,partial_to_closed,12,1,1.0
MFA_like_from_mfa_legacy,MFA|100|partial_mid|closed_low|delayed_ionic_recruitment_after_load|partial_mid,gamma_s_eff,unchanged_partial,3,1,0.0
MFA_like_from_mfa_legacy,MFA|100|partial_mid|closed_low|delayed_ionic_recruitment_after_load|partial_mid,zs,partial_to_closed,3,1,1.0
MFA_like_from_mfa_legacy,MFA|100|partial_mid|closed_low|delayed_ionic_recruitment_after_load|partial_mid,zs,unchanged_partial,2,1,0.0
MFA_like_from_mfa_legacy,MFA|100|partial_mid|closed_low|delayed_ionic_recruitment_after_load|partial_mid,zth,partial_to_closed,8,1,1.0
MFA_like_from_mfa_legacy,MFA|100|partial_mid|closed_low|delayed_ionic_recruitment_after_load|partial_mid,zth,unchanged_partial,6,1,0.0
MFA_like_from_mfa_legacy,MFA|125|closed_low|closed_low|fully_closed_at_sim_end|closed_low,P_gap_eff,unchanged_closed,48,2,0.0
MFA_like_from_mfa_legacy,MFA|125|closed_low|closed_low|fully_closed_at_sim_end|closed_low,gamma_s_eff,unchanged_closed,30,2,0.0
MFA_like_from_mfa_legacy,MFA|125|closed_low|closed_low|fully_closed_at_sim_end|closed_low,zs,unchanged_closed,10,2,0.0
MFA_like_from_mfa_legacy,MFA|125|closed_low|closed_low|fully_closed_at_sim_end|closed_low,zth,unchanged_closed,28,2,0.0
MFA_like_from_mfa_legacy,MFA|125|open_high|partial_mid|fully_open_at_sim_end|open_high,P_gap_eff,open_to_partial,24,1,1.0
MFA_like_from_mfa_legacy,MFA|125|open_high|partial_mid|fully_open_at_sim_end|open_high,gamma_s_eff,open_to_partial,15,1,1.0
MFA_like_from_mfa_legacy,MFA|125|open_high|partial_mid|fully_open_at_sim_end|open_high,zs,open_to_partial,5,1,1.0
MFA_like_from_mfa_legacy,MFA|125|open_high|partial_mid|fully_open_at_sim_end|open_high,zth,open_to_partial,14,1,1.0
MFA_like_from_mfa_legacy,MFA|150|closed_low|closed_low|fully_closed_at_sim_end|closed_low,P_gap_eff,closed_to_partial,3,1,1.0
MFA_like_from_mfa_legacy,MFA|150|closed_low|closed_low|fully_closed_at_sim_end|closed_low,P_gap_eff,unchanged_closed,45,2,0.0
MFA_like_from_mfa_legacy,MFA|150|closed_low|closed_low|fully_closed_at_sim_end|closed_low,gamma_s_eff,closed_to_partial,3,1,1.0
MFA_like_from_mfa_legacy,MFA|150|closed_low|closed_low|fully_closed_at_sim_end|closed_low,gamma_s_eff,unchanged_closed,27,2,0.0
MFA_like_from_mfa_legacy,MFA|150|closed_low|closed_low|fully_closed_at_sim_end|closed_low,zs,closed_to_partial,2,1,1.0
MFA_like_from_mfa_legacy,MFA|150|closed_low|closed_low|fully_closed_at_sim_end|closed_low,zs,unchanged_closed,8,2,0.0
MFA_like_from_mfa_legacy,MFA|150|closed_low|closed_low|fully_closed_at_sim_end|closed_low,zth,closed_to_partial,5,1,1.0
MFA_like_from_mfa_legacy,MFA|150|closed_low|closed_low|fully_closed_at_sim_end|closed_low,zth,delayed_opening_after_load,1,1,1.0
MFA_like_from_mfa_legacy,MFA|150|closed_low|closed_low|fully_closed_at_sim_end|closed_low,zth,unchanged_closed,22,2,0.0
MFA_like_from_mfa_legacy,MFA|150|open_high|open_high|early_sustained_open_recruitment|open_high,P_gap_eff,open_to_closed,24,1,1.0
MFA_like_from_mfa_legacy,MFA|150|open_high|open_high|early_sustained_open_recruitment|open_high,P_gap_eff,open_to_partial,4,1,1.0
MFA_like_from_mfa_legacy,MFA|150|open_high|open_high|early_sustained_open_recruitment|open_high,P_gap_eff,unchanged_open,20,1,0.0
MFA_like_from_mfa_legacy,MFA|150|open_high|open_high|early_sustained_open_recruitment|open_high,gamma_s_eff,open_to_closed,15,1,1.0
MFA_like_from_mfa_legacy,MFA|150|open_high|open_high|early_sustained_open_recruitment|open_high,gamma_s_eff,open_to_partial,3,1,1.0
MFA_like_from_mfa_legacy,MFA|150|open_high|open_high|early_sustained_open_recruitment|open_high,gamma_s_eff,unchanged_open,12,1,0.0
MFA_like_from_mfa_legacy,MFA|150|open_high|open_high|early_sustained_open_recruitment|open_high,zs,open_to_closed,5,1,1.0
MFA_like_from_mfa_legacy,MFA|150|open_high|open_high|early_sustained_open_recruitment|open_high,zs,unchanged_open,5,1,0.0
MFA_like_from_mfa_legacy,MFA|150|open_high|open_high|early_sustained_open_recruitment|open_high,zth,open_to_closed,14,2,1.0
MFA_like_from_mfa_legacy,MFA|150|open_high|open_high|early_sustained_open_recruitment|open_high,zth,open_to_partial,4,1,1.0
MFA_like_from_mfa_legacy,MFA|150|open_high|open_high|early_sustained_open_recruitment|open_high,zth,unchanged_open,10,2,0.0
MFA_like_from_mfa_legacy,MFA|150|partial_mid|open_high|intermediate_or_mixed_temporal_recruitment|partial_mid,P_gap_eff,partial_to_open,16,1,1.0
MFA_like_from_mfa_legacy,MFA|150|partial_mid|open_high|intermediate_or_mixed_temporal_recruitment|partial_mid,P_gap_eff,unchanged_partial,8,1,0.0
MFA_like_from_mfa_legacy,MFA|150|partial_mid|open_high|intermediate_or_mixed_temporal_recruitment|partial_mid,gamma_s_eff,partial_to_open,15,1,1.0
MFA_like_from_mfa_legacy,MFA|150|partial_mid|open_high|intermediate_or_mixed_temporal_recruitment|partial_mid,zs,partial_to_open,3,1,1.0
MFA_like_from_mfa_legacy,MFA|150|partial_mid|open_high|intermediate_or_mixed_temporal_recruitment|partial_mid,zs,unchanged_partial,2,1,0.0
MFA_like_from_mfa_legacy,MFA|150|partial_mid|open_high|intermediate_or_mixed_temporal_recruitment|partial_mid,zth,partial_to_open,11,1,1.0
MFA_like_from_mfa_legacy,MFA|150|partial_mid|open_high|intermediate_or_mixed_temporal_recruitment|partial_mid,zth,unchanged_partial,3,1,0.0
MFA_like_from_mfa_legacy,MFA|150|partial_mid|partial_mid|intermediate_or_mixed_temporal_recruitment|partial_mid,P_gap_eff,delayed_opening_after_load,3,2,1.0
MFA_like_from_mfa_legacy,MFA|150|partial_mid|partial_mid|intermediate_or_mixed_temporal_recruitment|partial_mid,P_gap_eff,opened_during_stim_then_closed_by_end,3,1,1.0
MFA_like_from_mfa_legacy,MFA|150|partial_mid|partial_mid|intermediate_or_mixed_temporal_recruitment|partial_mid,P_gap_eff,partial_to_closed,16,2,1.0
MFA_like_from_mfa_legacy,MFA|150|partial_mid|partial_mid|intermediate_or_mixed_temporal_recruitment|partial_mid,P_gap_eff,partial_to_open,1,1,1.0
MFA_like_from_mfa_legacy,MFA|150|partial_mid|partial_mid|intermediate_or_mixed_temporal_recruitment|partial_mid,P_gap_eff,unchanged_partial,25,2,0.0
MFA_like_from_mfa_legacy,MFA|150|partial_mid|partial_mid|intermediate_or_mixed_temporal_recruitment|partial_mid,gamma_s_eff,delayed_opening_after_load,3,1,1.0
MFA_like_from_mfa_legacy,MFA|150|partial_mid|partial_mid|intermediate_or_mixed_temporal_recruitment|partial_mid,gamma_s_eff,partial_to_closed,6,2,1.0
MFA_like_from_mfa_legacy,MFA|150|partial_mid|partial_mid|intermediate_or_mixed_temporal_recruitment|partial_mid,gamma_s_eff,unchanged_partial,21,2,0.0
MFA_like_from_mfa_legacy,MFA|150|partial_mid|partial_mid|intermediate_or_mixed_temporal_recruitment|partial_mid,zs,delayed_opening_after_load,1,1,1.0
MFA_like_from_mfa_legacy,MFA|150|partial_mid|partial_mid|intermediate_or_mixed_temporal_recruitment|partial_mid,zs,partial_to_closed,2,1,1.0
MFA_like_from_mfa_legacy,MFA|150|partial_mid|partial_mid|intermediate_or_mixed_temporal_recruitment|partial_mid,zs,unchanged_partial,7,2,0.0
MFA_like_from_mfa_legacy,MFA|150|partial_mid|partial_mid|intermediate_or_mixed_temporal_recruitment|partial_mid,zth,delayed_opening_after_load,1,1,1.0
MFA_like_from_mfa_legacy,MFA|150|partial_mid|partial_mid|intermediate_or_mixed_temporal_recruitment|partial_mid,zth,partial_to_closed,10,2,1.0
MFA_like_from_mfa_legacy,MFA|150|partial_mid|partial_mid|intermediate_or_mixed_temporal_recruitment|partial_mid,zth,partial_to_open,2,2,1.0
MFA_like_from_mfa_legacy,MFA|150|partial_mid|partial_mid|intermediate_or_mixed_temporal_recruitment|partial_mid,zth,unchanged_partial,15,2,0.0
MFA_like_from_mfa_legacy,MFA|175|closed_low|closed_low|fully_closed_at_sim_end|closed_low,P_gap_eff,unchanged_closed,48,2,0.0
MFA_like_from_mfa_legacy,MFA|175|closed_low|closed_low|fully_closed_at_sim_end|closed_low,gamma_s_eff,unchanged_closed,30,2,0.0
MFA_like_from_mfa_legacy,MFA|175|closed_low|closed_low|fully_closed_at_sim_end|closed_low,zs,unchanged_closed,10,2,0.0
MFA_like_from_mfa_legacy,MFA|175|closed_low|closed_low|fully_closed_at_sim_end|closed_low,zth,unchanged_closed,28,2,0.0
MFA_like_from_mfa_legacy,MFA|175|closed_low|partial_mid|recruited_during_load_then_closed_by_end|closed_low,P_gap_eff,closed_to_partial,15,1,1.0
MFA_like_from_mfa_legacy,MFA|175|closed_low|partial_mid|recruited_during_load_then_closed_by_end|closed_low,P_gap_eff,opened_during_stim_then_closed_by_end,1,1,1.0
MFA_like_from_mfa_legacy,MFA|175|closed_low|partial_mid|recruited_during_load_then_closed_by_end|closed_low,P_gap_eff,unchanged_closed,8,1,0.0
MFA_like_from_mfa_legacy,MFA|175|closed_low|partial_mid|recruited_during_load_then_closed_by_end|closed_low,gamma_s_eff,closed_to_partial,12,1,1.0
MFA_like_from_mfa_legacy,MFA|175|closed_low|partial_mid|recruited_during_load_then_closed_by_end|closed_low,gamma_s_eff,unchanged_closed,3,1,0.0
MFA_like_from_mfa_legacy,MFA|175|closed_low|partial_mid|recruited_during_load_then_closed_by_end|closed_low,zs,closed_to_partial,3,1,1.0
MFA_like_from_mfa_legacy,MFA|175|closed_low|partial_mid|recruited_during_load_then_closed_by_end|closed_low,zs,opened_during_stim_then_closed_by_end,1,1,1.0
MFA_like_from_mfa_legacy,MFA|175|closed_low|partial_mid|recruited_during_load_then_closed_by_end|closed_low,zs,unchanged_closed,1,1,0.0
MFA_like_from_mfa_legacy,MFA|175|closed_low|partial_mid|recruited_during_load_then_closed_by_end|closed_low,zth,closed_to_partial,8,1,1.0
MFA_like_from_mfa_legacy,MFA|175|closed_low|partial_mid|recruited_during_load_then_closed_by_end|closed_low,zth,opened_during_stim_then_closed_by_end,1,1,1.0
MFA_like_from_mfa_legacy,MFA|175|closed_low|partial_mid|recruited_during_load_then_closed_by_end|closed_low,zth,unchanged_closed,5,1,0.0
MFA_like_from_mfa_legacy,MFA|175|open_high|open_high|early_sustained_open_recruitment|open_high,P_gap_eff,open_to_closed,24,1,1.0
MFA_like_from_mfa_legacy,MFA|175|open_high|open_high|early_sustained_open_recruitment|open_high,P_gap_eff,unchanged_open,24,1,0.0
MFA_like_from_mfa_legacy,MFA|175|open_high|open_high|early_sustained_open_recruitment|open_high,gamma_s_eff,open_to_closed,15,1,1.0
MFA_like_from_mfa_legacy,MFA|175|open_high|open_high|early_sustained_open_recruitment|open_high,gamma_s_eff,unchanged_open,15,1,0.0
MFA_like_from_mfa_legacy,MFA|175|open_high|open_high|early_sustained_open_recruitment|open_high,zs,open_to_closed,5,1,1.0
MFA_like_from_mfa_legacy,MFA|175|open_high|open_high|early_sustained_open_recruitment|open_high,zs,unchanged_open,5,1,0.0
MFA_like_from_mfa_legacy,MFA|175|open_high|open_high|early_sustained_open_recruitment|open_high,zth,open_to_closed,14,1,1.0
MFA_like_from_mfa_legacy,MFA|175|open_high|open_high|early_sustained_open_recruitment|open_high,zth,open_to_partial,1,1,1.0
MFA_like_from_mfa_legacy,MFA|175|open_high|open_high|early_sustained_open_recruitment|open_high,zth,unchanged_open,13,1,0.0
MFA_like_from_mfa_legacy,MFA|175|open_high|partial_mid|fully_open_at_sim_end|open_high,P_gap_eff,delayed_opening_after_load,1,1,1.0
MFA_like_from_mfa_legacy,MFA|175|open_high|partial_mid|fully_open_at_sim_end|open_high,P_gap_eff,open_to_closed,23,1,1.0
MFA_like_from_mfa_legacy,MFA|175|open_high|partial_mid|fully_open_at_sim_end|open_high,gamma_s_eff,open_to_closed,15,1,1.0
MFA_like_from_mfa_legacy,MFA|175|open_high|partial_mid|fully_open_at_sim_end|open_high,zs,open_to_closed,5,1,1.0
MFA_like_from_mfa_legacy,MFA|175|open_high|partial_mid|fully_open_at_sim_end|open_high,zth,open_to_closed,12,1,1.0
MFA_like_from_mfa_legacy,MFA|175|open_high|partial_mid|fully_open_at_sim_end|open_high,zth,open_to_partial,2,1,1.0
MFA_like_from_mfa_legacy,MFA|175|partial_mid|closed_low|delayed_ionic_recruitment_after_load|partial_mid,P_gap_eff,delayed_opening_after_load,1,1,1.0
MFA_like_from_mfa_legacy,MFA|175|partial_mid|closed_low|delayed_ionic_recruitment_after_load|partial_mid,P_gap_eff,partial_to_closed,22,1,1.0
MFA_like_from_mfa_legacy,MFA|175|partial_mid|closed_low|delayed_ionic_recruitment_after_load|partial_mid,P_gap_eff,unchanged_partial,1,1,0.0
MFA_like_from_mfa_legacy,MFA|175|partial_mid|closed_low|delayed_ionic_recruitment_after_load|partial_mid,gamma_s_eff,delayed_opening_after_load,3,1,1.0
MFA_like_from_mfa_legacy,MFA|175|partial_mid|closed_low|delayed_ionic_recruitment_after_load|partial_mid,gamma_s_eff,partial_to_closed,12,1,1.0
MFA_like_from_mfa_legacy,MFA|175|partial_mid|closed_low|delayed_ionic_recruitment_after_load|partial_mid,zs,partial_to_closed,5,1,1.0
MFA_like_from_mfa_legacy,MFA|175|partial_mid|closed_low|delayed_ionic_recruitment_after_load|partial_mid,zth,delayed_opening_after_load,2,1,1.0
MFA_like_from_mfa_legacy,MFA|175|partial_mid|closed_low|delayed_ionic_recruitment_after_load|partial_mid,zth,partial_to_closed,10,1,1.0
MFA_like_from_mfa_legacy,MFA|175|partial_mid|closed_low|delayed_ionic_recruitment_after_load|partial_mid,zth,partial_to_open,1,1,1.0
MFA_like_from_mfa_legacy,MFA|175|partial_mid|closed_low|delayed_ionic_recruitment_after_load|partial_mid,zth,unchanged_partial,1,1,0.0
MFA_like_from_mfa_legacy,MFA|175|partial_mid|partial_mid|intermediate_or_mixed_temporal_recruitment|partial_mid,P_gap_eff,partial_to_closed,22,2,1.0
MFA_like_from_mfa_legacy,MFA|175|partial_mid|partial_mid|intermediate_or_mixed_temporal_recruitment|partial_mid,P_gap_eff,unchanged_partial,26,2,0.0
MFA_like_from_mfa_legacy,MFA|175|partial_mid|partial_mid|intermediate_or_mixed_temporal_recruitment|partial_mid,gamma_s_eff,partial_to_closed,15,2,1.0
MFA_like_from_mfa_legacy,MFA|175|partial_mid|partial_mid|intermediate_or_mixed_temporal_recruitment|partial_mid,gamma_s_eff,unchanged_partial,15,2,0.0
MFA_like_from_mfa_legacy,MFA|175|partial_mid|partial_mid|intermediate_or_mixed_temporal_recruitment|partial_mid,zs,partial_to_closed,5,2,1.0
MFA_like_from_mfa_legacy,MFA|175|partial_mid|partial_mid|intermediate_or_mixed_temporal_recruitment|partial_mid,zs,unchanged_partial,5,2,0.0
MFA_like_from_mfa_legacy,MFA|175|partial_mid|partial_mid|intermediate_or_mixed_temporal_recruitment|partial_mid,zth,partial_to_closed,12,2,1.0
MFA_like_from_mfa_legacy,MFA|175|partial_mid|partial_mid|intermediate_or_mixed_temporal_recruitment|partial_mid,zth,unchanged_partial,16,2,0.0
MFA_like_from_mfa_legacy,MFA|50|closed_low|closed_low|fully_closed_at_sim_end|closed_low,P_gap_eff,closed_to_partial,3,1,1.0
MFA_like_from_mfa_legacy,MFA|50|closed_low|closed_low|fully_closed_at_sim_end|closed_low,P_gap_eff,unchanged_closed,45,2,0.0
MFA_like_from_mfa_legacy,MFA|50|closed_low|closed_low|fully_closed_at_sim_end|closed_low,gamma_s_eff,closed_to_partial,3,1,1.0
MFA_like_from_mfa_legacy,MFA|50|closed_low|closed_low|fully_closed_at_sim_end|closed_low,gamma_s_eff,unchanged_closed,27,2,0.0
MFA_like_from_mfa_legacy,MFA|50|closed_low|closed_low|fully_closed_at_sim_end|closed_low,zs,closed_to_partial,2,1,1.0
MFA_like_from_mfa_legacy,MFA|50|closed_low|closed_low|fully_closed_at_sim_end|closed_low,zs,unchanged_closed,8,2,0.0
MFA_like_from_mfa_legacy,MFA|50|closed_low|closed_low|fully_closed_at_sim_end|closed_low,zth,closed_to_partial,5,1,1.0
MFA_like_from_mfa_legacy,MFA|50|closed_low|closed_low|fully_closed_at_sim_end|closed_low,zth,unchanged_closed,23,2,0.0
MFA_like_from_mfa_legacy,MFA|75|closed_low|closed_low|fully_closed_at_sim_end|closed_low,P_gap_eff,closed_to_partial,3,1,1.0
MFA_like_from_mfa_legacy,MFA|75|closed_low|closed_low|fully_closed_at_sim_end|closed_low,P_gap_eff,unchanged_closed,45,2,0.0
MFA_like_from_mfa_legacy,MFA|75|closed_low|closed_low|fully_closed_at_sim_end|closed_low,gamma_s_eff,closed_to_partial,3,1,1.0
MFA_like_from_mfa_legacy,MFA|75|closed_low|closed_low|fully_closed_at_sim_end|closed_low,gamma_s_eff,unchanged_closed,27,2,0.0
MFA_like_from_mfa_legacy,MFA|75|closed_low|closed_low|fully_closed_at_sim_end|closed_low,zs,closed_to_partial,2,1,1.0
MFA_like_from_mfa_legacy,MFA|75|closed_low|closed_low|fully_closed_at_sim_end|closed_low,zs,unchanged_closed,8,2,0.0
MFA_like_from_mfa_legacy,MFA|75|closed_low|closed_low|fully_closed_at_sim_end|closed_low,zth,closed_to_partial,5,1,1.0
MFA_like_from_mfa_legacy,MFA|75|closed_low|closed_low|fully_closed_at_sim_end|closed_low,zth,unchanged_closed,23,2,0.0
