db_name,condition,current_na,parameter_space,profile_parameter,base_value,min_profile_loss,max_delta_profile_loss,profile_classification,profile_class,nuisance_refit_method,claim_guardrail,parameter,min_loss,max_delta_loss
CONTROL_75nA.db,CONTROL,75,effective,P_gap_eff,7.688694890666813e-06,7.916000055863626e-31,0.2212811521796365,broad_valley,broad_valley,least_squares_affine_vm_scale_offset_not_full_reoptimization,limited identifiability/sloppiness under Vm-only observation; not biological degeneracy,P_gap_eff,7.916000055863626e-31,0.2212811521796365
CONTROL_75nA.db,CONTROL,75,effective,gamma_s_eff,6.86542049542796e-05,7.916000055863626e-31,0.0,flat_unbounded,flat_unbounded,least_squares_affine_vm_scale_offset_not_full_reoptimization,limited identifiability/sloppiness under Vm-only observation; not biological degeneracy,gamma_s_eff,7.916000055863626e-31,0.0
CONTROL_75nA.db,CONTROL,75,effective,gamma_t_eff,8.311215695332037e-06,7.916000055863626e-31,0.6049581918155404,broad_valley,broad_valley,least_squares_affine_vm_scale_offset_not_full_reoptimization,limited identifiability/sloppiness under Vm-only observation; not biological degeneracy,gamma_t_eff,7.916000055863626e-31,0.6049581918155404
CONTROL_75nA.db,CONTROL,75,effective,volume_ratio_wa_wo,1.5270157179498545,7.916000055863626e-31,0.2879204010881343,broad_valley,broad_valley,least_squares_affine_vm_scale_offset_not_full_reoptimization,limited identifiability/sloppiness under Vm-only observation; not biological degeneracy,volume_ratio_wa_wo,7.916000055863626e-31,0.2879204010881343
CONTROL_75nA.db,CONTROL,75,raw,d,0.02263181880995338,7.916000055863626e-31,0.2212811521796365,broad_valley,broad_valley,least_squares_affine_vm_scale_offset_not_full_reoptimization,limited identifiability/sloppiness under Vm-only observation; not biological degeneracy,d,7.916000055863626e-31,0.2212811521796365
CONTROL_75nA.db,CONTROL,75,raw,gs,8.280126206267084,7.916000055863626e-31,0.0,flat_unbounded,flat_unbounded,least_squares_affine_vm_scale_offset_not_full_reoptimization,limited identifiability/sloppiness under Vm-only observation; not biological degeneracy,gs,7.916000055863626e-31,0.0
CONTROL_75nA.db,CONTROL,75,raw,gt,1.0023845579551396,7.916000055863626e-31,0.6049581918155404,broad_valley,broad_valley,least_squares_affine_vm_scale_offset_not_full_reoptimization,limited identifiability/sloppiness under Vm-only observation; not biological degeneracy,gt,7.916000055863626e-31,0.6049581918155404
CONTROL_75nA.db,CONTROL,75,raw,pk,0.0003397294294034095,7.916000055863626e-31,0.2212811521796365,broad_valley,broad_valley,least_squares_affine_vm_scale_offset_not_full_reoptimization,limited identifiability/sloppiness under Vm-only observation; not biological degeneracy,pk,7.916000055863626e-31,0.2212811521796365
CONTROL_75nA.db,CONTROL,75,raw,wo,1309.7442131670828,7.916000055863626e-31,0.2879204010881343,broad_valley,broad_valley,least_squares_affine_vm_scale_offset_not_full_reoptimization,limited identifiability/sloppiness under Vm-only observation; not biological degeneracy,wo,7.916000055863626e-31,0.2879204010881343
