file_id,region,condition,n_candidates,n_accepted_candidates,best_candidate_id,best_trace_rmse_mV,best_weighted_pass_fraction,holdout_pass_count,holdout_mean_rmse_mV,holdout_mean_pass_fraction,cell_reviewer_facing
1_DH_1_CONTROL,DH,CONTROL,111,2,1_DH_1_CONTROL__hybrid_optuna_087,7.598614341672754,0.3592140714053211,3,7.581328705455518,0.3596089913772268,True
1_DH_2_CONTROL,DH,CONTROL,111,4,1_DH_2_CONTROL__hybrid_optuna_098,13.977227693028652,0.3592629870825042,3,13.982361406690702,0.3593400005006864,True
2_DH_1_CONTROL,DH,CONTROL,111,2,2_DH_1_CONTROL__hybrid_optuna_096,12.448600024573151,0.3592629849136366,3,12.449729895697262,0.3592784978311763,True
3_DH_1_CONTROL,DH,CONTROL,111,3,3_DH_1_CONTROL__hybrid_optuna_097,15.033451490435638,0.3592629849136366,3,15.03473662999395,0.3592932305184015,True
3_DH_2_CONTROL,DH,CONTROL,111,2,3_DH_2_CONTROL__hybrid_optuna_098,14.757077556565273,0.3592629849136366,3,14.75816737558676,0.3592785028336003,True
DH_1_CONTROL,DH,CONTROL,111,3,DH_1_CONTROL__hybrid_optuna_099,14.37998457908929,0.3598312687182541,3,14.379885750991996,0.3598628598328197,True
DH_2_CONTROL,DH,CONTROL,111,1,DH_2_CONTROL__hybrid_optuna_044,6.691091388914987,0.3205460241541799,3,6.680108984440455,0.3200100880015195,True
DH_1_MFA,DH,MFA,111,111,DH_1_MFA__hybrid_optuna_100,6.612076131214443,0.4243595874860515,6,5.002370704090611,0.3528956730180694,True
DH_2_MFA,DH,MFA,111,105,DH_2_MFA__hybrid_optuna_089,6.531705655214541,0.4039584588384186,6,6.514858125927517,0.4034658048643297,True
DH_3_MFA,DH,MFA,111,111,DH_3_MFA__hybrid_optuna_099,5.1738325931057805,0.3999937647234321,6,5.174060065392665,0.4000036341686446,True
DH_4_MFA,DH,MFA,111,105,DH_4_MFA__hybrid_optuna_058,6.987205761191735,0.407066898141559,6,6.708083239584087,0.4028785587054139,True
DH_5_MFA,DH,MFA,111,111,DH_5_MFA__hybrid_optuna_099,7.721973853652833,0.3999937647234321,6,7.72208158024421,0.3999992487855623,True
DH_6_MFA,DH,MFA,111,110,DH_6_MFA__hybrid_optuna_089,6.095703691089766,0.4120279411059476,6,5.750019158511894,0.4041954131080984,True
DH_1_MFA_BA,DH,MFA_BA,111,110,DH_1_MFA_BA__hybrid_pre_07,9.2903736093772,0.5002343326983888,6,9.290373597988715,0.5002343324077609,True
DH_2_MFA_BA,DH,MFA_BA,111,111,DH_2_MFA_BA__hybrid_pre_07,4.77898306267596,0.5002343326983888,6,4.7789830521136345,0.5002343324077609,True
DH_3_MFA_BA,DH,MFA_BA,111,111,DH_3_MFA_BA__hybrid_optuna_084,3.6648485637389294,0.6539194370885316,6,3.664848557554818,0.6539198194098773,True
DH_4_MFA_BA,DH,MFA_BA,111,111,DH_4_MFA_BA__hybrid_optuna_009,5.7407085435306975,0.501154708041544,6,5.747983450966527,0.5011547091449916,True
DH_5_MFA_BA,DH,MFA_BA,111,109,DH_5_MFA_BA__hybrid_optuna_090,7.756491796912903,0.6539194370885316,6,7.756491791800969,0.6539205914599983,True
DH_6_MFA_BA,DH,MFA_BA,111,110,DH_6_MFA_BA__hybrid_pre_07,6.93457064559709,0.5002343326983888,6,6.934570635221192,0.5002343324077609,True
1_VH_1_CONTROL,VH,CONTROL,111,4,1_VH_1_CONTROL__hybrid_optuna_004,6.460123378392464,0.3090362481637552,1,6.452548930367247,0.3093203980865881,False
1_VH_2_CONTROL,VH,CONTROL,111,13,1_VH_2_CONTROL__hybrid_post_001,6.896417008210958,0.3864627003840549,1,6.917792427006322,0.2972629025202522,False
2_VH_1_CONTROL,VH,CONTROL,111,0,2_VH_1_CONTROL__hybrid_optuna_094,17.750486192918853,0.2995732272973441,1,17.854380234709343,0.2491434398589918,False
3_VH_1_CONTROL,VH,CONTROL,111,0,3_VH_1_CONTROL__hybrid_optuna_011,7.4334704215152385,0.2889735383457647,1,7.433474252631195,0.2889742285847283,False
VH_1_MFA,VH,MFA,313,2,VH_1_MFA__hybrid_optuna_286,5.402458464176738,0.3187724787549762,5,5.324644203277079,0.3276902138441131,True
VH_2_MFA,VH,MFA,313,3,VH_2_MFA__hybrid_optuna_247,5.6072346612343305,0.3497440689005848,5,5.12257282590481,0.3321493553625046,True
VH_3_MFA,VH,MFA,313,3,VH_3_MFA__hybrid_optuna_210,7.389195056913349,0.3584921492336466,5,6.9702218706698025,0.346833542689512,True
VH_4_MFA,VH,MFA,313,3,VH_4_MFA__hybrid_optuna_279,5.171581437143092,0.3287282749973634,4,5.047342707603293,0.3211724855471737,True
VH_5_MFA,VH,MFA,313,3,VH_5_MFA__hybrid_optuna_289,4.232572935369996,0.3084043599517155,3,4.232571365175923,0.3084043478733709,True
VH_6_MFA,VH,MFA,1022,3,VH_6_MFA__hybrid_optuna_943,3.9887692014650806,0.3354154794431982,5,3.920621575093126,0.3310289548069808,True
VH_7_OG_MFA,VH,MFA,313,3,VH_7_OG_MFA__hybrid_optuna_287,6.46843415738331,0.3904517319792778,6,6.463470133576611,0.3906704547285283,True
VH_1_MFA_BA,VH,MFA_BA,111,105,VH_1_MFA_BA__hybrid_optuna_089,2.8081588852331123,0.5187766904744362,6,2.8081588852331123,0.5187766904744362,True
VH_2_MFA_BA,VH,MFA_BA,111,110,VH_2_MFA_BA__hybrid_optuna_080,4.028481856572046,0.675987803339035,6,4.0284818597053125,0.6759875065079649,True
VH_3_MFA_BA,VH,MFA_BA,111,109,VH_3_MFA_BA__hybrid_optuna_051,2.979300474876565,0.519781104306976,6,3.4552369572996446,0.5136404185316029,True
VH_4_MFA_BA,VH,MFA_BA,111,103,VH_4_MFA_BA__hybrid_optuna_001,3.3269272482259318,0.6801542227748391,6,3.3269272482252155,0.6801542227748142,True
VH_5_MFA_BA,VH,MFA_BA,111,107,VH_5_MFA_BA__hybrid_optuna_078,4.789063920279836,0.675987803339035,6,4.789063930386355,0.6759878585671723,True
VH_6_MFA_BA,VH,MFA_BA,111,109,VH_6_MFA_BA__hybrid_optuna_025,1.2590276777575151,0.520049704856543,6,1.8740992526323503,0.5,True
VH_7_OG_MFA_BA,VH,MFA_BA,111,98,VH_7_OG_MFA_BA__hybrid_optuna_087,4.369409920477477,0.5046372475552598,6,4.373827677778654,0.5020743828718134,True
