file_id,region,condition,candidate_id,mechanism_cluster,n_current_rows,changed_parameters,max_fit_degradation_fraction,max_mechanism_flux_fraction_delta,prediction_persists_all_currents,mechanism_persists_all_currents,failure_axes,claim_action
1_DH_1_CONTROL,DH,CONTROL,1_DH_1_CONTROL__cand_07,M2,6,zth,0.0003036503598147,2.4718074610463603e-06,True,True,no_constraint_failure_detected,candidate_parameter_claim_retained
1_DH_2_CONTROL,DH,CONTROL,1_DH_2_CONTROL__cand_12,M2,6,zth,16.77641490903722,1.6890566674226948e-05,False,False,prediction_constraint_sensitive;mechanism_constraint_sensitive,candidate_parameter_claim_downgraded_or_excluded
2_DH_1_CONTROL,DH,CONTROL,2_DH_1_CONTROL__cand_10,M2,6,gki;zth,0.0011384937002787,6.786326046115398e-07,True,True,no_constraint_failure_detected,candidate_parameter_claim_retained
3_DH_1_CONTROL,DH,CONTROL,3_DH_1_CONTROL__cand_01,M2,6,gl_a;zth,0.0001671623136102,0.0013029722295096,True,False,mechanism_constraint_sensitive,candidate_parameter_claim_downgraded_or_excluded
3_DH_2_CONTROL,DH,CONTROL,3_DH_2_CONTROL__cand_06,M3,6,zth;zs,3.515551666975438e-05,6.18558755882681e-08,True,True,no_constraint_failure_detected,candidate_parameter_claim_retained
DH_1_CONTROL,DH,CONTROL,DH_1_CONTROL__cand_27,M3,6,zth;zs,8.529483208878633e-08,7.349379035348491e-07,True,True,no_constraint_failure_detected,candidate_parameter_claim_retained
DH_1_MFA_BA,DH,MFA_BA,DH_1_MFA_BA__cand_18,M3,6,gl_a;zth;gamma_s_eff,1.6406172592822865e-05,0.0015430823306064,True,True,no_constraint_failure_detected,candidate_parameter_claim_retained
DH_2_CONTROL,DH,CONTROL,DH_2_CONTROL__cand_14,M3,6,gki;zth,24.17007248456164,0.4581121320092333,False,False,prediction_constraint_sensitive;mechanism_constraint_sensitive,candidate_parameter_claim_downgraded_or_excluded
DH_2_MFA,DH,MFA,DH_2_MFA__cand_03,M3,6,zth,0.0007641466492761,8.371873294943377e-06,True,True,no_constraint_failure_detected,candidate_parameter_claim_retained
DH_2_MFA_BA,DH,MFA_BA,DH_2_MFA_BA__cand_01,M2,6,zth,0.0006110671044607,1.120185342022616e-06,True,True,no_constraint_failure_detected,candidate_parameter_claim_retained
DH_3_MFA,DH,MFA,DH_3_MFA__cand_10,M2,6,gl_a;zth,5.069835841264255e-06,0.0001769326408556,True,True,no_constraint_failure_detected,candidate_parameter_claim_retained
DH_3_MFA_BA,DH,MFA_BA,DH_3_MFA_BA__cand_01,M2,6,zth;zs,0.3085524792278042,9.391562341426614e-05,True,False,mechanism_constraint_sensitive,candidate_parameter_claim_downgraded_or_excluded
DH_4_MFA_BA,DH,MFA_BA,DH_4_MFA_BA__cand_20,M3,6,gl_a;zth,0.015051314186404,9.889931363826764e-05,True,True,no_constraint_failure_detected,candidate_parameter_claim_retained
DH_5_MFA_BA,DH,MFA_BA,DH_5_MFA_BA__cand_08,M3,6,zth,0.0064072760300544,0.0031117736519583,True,True,no_constraint_failure_detected,candidate_parameter_claim_retained
DH_6_MFA,DH,MFA,DH_6_MFA__cand_01,M3,6,zth,0.1819397872561869,0.0022857018449086,True,False,mechanism_constraint_sensitive,candidate_parameter_claim_downgraded_or_excluded
DH_6_MFA_BA,DH,MFA_BA,DH_6_MFA_BA__cand_16,M3,6,gl_a;zth,0.0002018693385369,0.0002910288579174,True,True,no_constraint_failure_detected,candidate_parameter_claim_retained
VH_1_MFA,VH,MFA,VH_1_MFA__cand_16,M2,6,gl_a;zth;zs,1.2957009033773065e-05,7.769463116254484e-06,True,True,no_constraint_failure_detected,candidate_parameter_claim_retained
VH_1_MFA_BA,VH,MFA_BA,VH_1_MFA_BA__cand_01,M2,6,zth,0.0116344097205538,2.4733882251074587e-06,True,True,no_constraint_failure_detected,candidate_parameter_claim_retained
VH_2_MFA,VH,MFA,VH_2_MFA__cand_10,M3,6,zth,0.0666643141812287,1.6085668063547942e-05,True,True,no_constraint_failure_detected,candidate_parameter_claim_retained
VH_2_MFA_BA,VH,MFA_BA,VH_2_MFA_BA__cand_15,M2,6,gki;zth;zs,0.0281589765915597,0.0003911113934218,True,True,no_constraint_failure_detected,candidate_parameter_claim_retained
VH_3_MFA_BA,VH,MFA_BA,VH_3_MFA_BA__cand_41,M2,6,zth,0.0002147715987832,3.437344626766592e-06,True,True,no_constraint_failure_detected,candidate_parameter_claim_retained
VH_4_MFA,VH,MFA,VH_4_MFA__cand_08,M2,6,zth,0.0001777088727328,4.115468743015605e-07,True,True,no_constraint_failure_detected,candidate_parameter_claim_retained
VH_4_MFA_BA,VH,MFA_BA,VH_4_MFA_BA__cand_10,M2,6,zth,0.0348171782170457,1.3019626466674507e-06,True,True,no_constraint_failure_detected,candidate_parameter_claim_retained
VH_5_MFA,VH,MFA,VH_5_MFA__cand_12,M2,6,zth,0.3011913798659263,0.0025407021110408,True,False,mechanism_constraint_sensitive,candidate_parameter_claim_downgraded_or_excluded
VH_5_MFA_BA,VH,MFA_BA,VH_5_MFA_BA__cand_19,M2,6,zth,4.923824897426935e-05,1.1832907731434973e-07,True,True,no_constraint_failure_detected,candidate_parameter_claim_retained
VH_6_MFA,VH,MFA,VH_6_MFA__cand_09,M2,6,zth,0.0005251091885487,1.5127010312143696e-06,True,True,no_constraint_failure_detected,candidate_parameter_claim_retained
VH_6_MFA_BA,VH,MFA_BA,VH_6_MFA_BA__cand_01,M3,6,zth,0.1344026273129124,2.283474280939004e-06,True,True,no_constraint_failure_detected,candidate_parameter_claim_retained
VH_7_OG_MFA,VH,MFA,VH_7_OG_MFA__cand_13,M2,6,zth;zs,6.696989120563561e-07,9.940023804055895e-10,True,True,no_constraint_failure_detected,candidate_parameter_claim_retained
VH_7_OG_MFA_BA,VH,MFA_BA,VH_7_OG_MFA_BA__cand_15,M2,6,gl_a;zth,0.1225777398180711,3.791680820319776e-06,True,True,no_constraint_failure_detected,candidate_parameter_claim_retained
