file_id,region,condition,candidate_id,sweep,current_na,feature,predicted_value,within_threshold,distance_to_interval,reliability_weight
1_DH_1_CONTROL,DH,CONTROL,0,1,50,peak_depolarization_mV,8.380648590225832,True,0.0,1.0
1_DH_1_CONTROL,DH,CONTROL,0,1,50,stim_end_depolarization_mV,7.7299892979850995,True,0.0,1.0
1_DH_1_CONTROL,DH,CONTROL,0,1,50,rise_slope_mV_per_s,6.165027319485574,True,0.0,1.0
1_DH_1_CONTROL,DH,CONTROL,0,1,50,rise_tau_s,0.6606536312849158,True,0.0,1.0
1_DH_1_CONTROL,DH,CONTROL,0,1,50,plateau_slope_mV_per_s,0.028390928623547956,True,0.0,1.0
1_DH_1_CONTROL,DH,CONTROL,0,1,50,decay_slope_mV_per_s,4.862708325439717,True,0.0,1.0
1_DH_1_CONTROL,DH,CONTROL,0,1,50,decay_tau_s,1.0524357541899434,False,0.3901200884266292,1.0
1_DH_1_CONTROL,DH,CONTROL,0,1,50,return_slope_mV_per_s,0.08248237366752112,False,1.026145144272279,1.0
1_DH_1_CONTROL,DH,CONTROL,0,1,50,undershoot_magnitude_mV,0.0,True,0.0,1.0
1_DH_1_CONTROL,DH,CONTROL,0,2,75,peak_depolarization_mV,11.070119444211542,True,0.0,1.0
1_DH_1_CONTROL,DH,CONTROL,0,2,75,stim_end_depolarization_mV,10.142045479039183,True,0.0,1.0
1_DH_1_CONTROL,DH,CONTROL,0,2,75,rise_slope_mV_per_s,8.143473392158251,True,0.0,1.0
1_DH_1_CONTROL,DH,CONTROL,0,2,75,rise_tau_s,0.6606536312849158,True,0.0,1.0
1_DH_1_CONTROL,DH,CONTROL,0,2,75,plateau_slope_mV_per_s,-0.0002474303509055074,True,0.0,1.0
1_DH_1_CONTROL,DH,CONTROL,0,2,75,decay_slope_mV_per_s,7.02947005647982,True,0.0,1.0
1_DH_1_CONTROL,DH,CONTROL,0,2,75,decay_tau_s,1.0554357541899435,False,0.2924016657984418,1.0
1_DH_1_CONTROL,DH,CONTROL,0,2,75,return_slope_mV_per_s,0.08657789167397045,True,0.0,1.0
1_DH_1_CONTROL,DH,CONTROL,0,2,75,undershoot_magnitude_mV,0.0,True,0.0,1.0
1_DH_1_CONTROL,DH,CONTROL,0,3,100,peak_depolarization_mV,14.32490676410444,True,0.0,1.0
1_DH_1_CONTROL,DH,CONTROL,0,3,100,stim_end_depolarization_mV,12.687185579468292,True,0.0,1.0
1_DH_1_CONTROL,DH,CONTROL,0,3,100,rise_slope_mV_per_s,10.537781246762407,True,0.0,1.0
1_DH_1_CONTROL,DH,CONTROL,0,3,100,rise_tau_s,0.6606536312849158,True,0.0,1.0
1_DH_1_CONTROL,DH,CONTROL,0,3,100,plateau_slope_mV_per_s,-0.029929260094614836,True,0.0,1.0
1_DH_1_CONTROL,DH,CONTROL,0,3,100,decay_slope_mV_per_s,9.306197313148848,True,0.0,1.0
1_DH_1_CONTROL,DH,CONTROL,0,3,100,decay_tau_s,1.0514357541899422,False,0.4821052166094253,1.0
1_DH_1_CONTROL,DH,CONTROL,0,3,100,return_slope_mV_per_s,0.08990159664251082,False,0.6910595139365552,1.0
1_DH_1_CONTROL,DH,CONTROL,0,3,100,undershoot_magnitude_mV,0.0,True,0.0,1.0
1_DH_1_CONTROL,DH,CONTROL,0,4,125,peak_depolarization_mV,18.160083304802043,True,0.0,1.0
1_DH_1_CONTROL,DH,CONTROL,0,4,125,stim_end_depolarization_mV,15.685944892784832,True,0.0,1.0
1_DH_1_CONTROL,DH,CONTROL,0,4,125,rise_slope_mV_per_s,13.359038801461256,True,0.0,1.0
1_DH_1_CONTROL,DH,CONTROL,0,4,125,rise_tau_s,0.6606536312849158,True,0.0,1.0
1_DH_1_CONTROL,DH,CONTROL,0,4,125,plateau_slope_mV_per_s,-0.06455802770177514,True,0.0,1.0
1_DH_1_CONTROL,DH,CONTROL,0,4,125,decay_slope_mV_per_s,11.974578513590005,True,0.0,1.0
1_DH_1_CONTROL,DH,CONTROL,0,4,125,decay_tau_s,1.0514357541899422,False,0.1417467359383128,1.0
1_DH_1_CONTROL,DH,CONTROL,0,4,125,return_slope_mV_per_s,0.09348477106234564,True,0.0,1.0
1_DH_1_CONTROL,DH,CONTROL,0,4,125,undershoot_magnitude_mV,0.5921232061640751,True,0.0,1.0
1_DH_1_CONTROL,DH,CONTROL,0,5,150,peak_depolarization_mV,19.759310381697127,True,0.0,1.0
1_DH_1_CONTROL,DH,CONTROL,0,5,150,stim_end_depolarization_mV,16.945166371739745,True,0.0,1.0
1_DH_1_CONTROL,DH,CONTROL,0,5,150,rise_slope_mV_per_s,14.53547264342164,True,0.0,1.0
1_DH_1_CONTROL,DH,CONTROL,0,5,150,rise_tau_s,0.6606536312849158,True,0.0,1.0
1_DH_1_CONTROL,DH,CONTROL,0,5,150,plateau_slope_mV_per_s,-0.07890000993486197,True,0.0,1.0
1_DH_1_CONTROL,DH,CONTROL,0,5,150,decay_slope_mV_per_s,13.089995272865483,True,0.0,1.0
1_DH_1_CONTROL,DH,CONTROL,0,5,150,decay_tau_s,1.0514357541899422,False,0.10062842987617758,1.0
1_DH_1_CONTROL,DH,CONTROL,0,5,150,return_slope_mV_per_s,0.0948806119030447,True,0.0,1.0
1_DH_1_CONTROL,DH,CONTROL,0,5,150,undershoot_magnitude_mV,0.8491830681840327,True,0.0,1.0
1_DH_1_CONTROL,DH,CONTROL,0,6,175,peak_depolarization_mV,20.774151375198443,True,0.0,1.0
1_DH_1_CONTROL,DH,CONTROL,0,6,175,stim_end_depolarization_mV,17.746973211168637,True,0.0,1.0
1_DH_1_CONTROL,DH,CONTROL,0,6,175,rise_slope_mV_per_s,15.282016587188277,True,0.0,1.0
1_DH_1_CONTROL,DH,CONTROL,0,6,175,rise_tau_s,0.6606536312849158,False,0.0025711423129441274,1.0
1_DH_1_CONTROL,DH,CONTROL,0,6,175,plateau_slope_mV_per_s,-0.08796482641392521,True,0.0,1.0
1_DH_1_CONTROL,DH,CONTROL,0,6,175,decay_slope_mV_per_s,13.798713261403051,True,0.0,1.0
1_DH_1_CONTROL,DH,CONTROL,0,6,175,decay_tau_s,1.0514357541899422,True,0.0,1.0
1_DH_1_CONTROL,DH,CONTROL,0,6,175,return_slope_mV_per_s,0.09573719877242955,True,0.0,1.0
1_DH_1_CONTROL,DH,CONTROL,0,6,175,undershoot_magnitude_mV,1.010797168145345,True,0.0,1.0
1_VH_1_CONTROL,VH,CONTROL,1,1,50,peak_depolarization_mV,7.456816851746851,True,0.0,0.4
1_VH_1_CONTROL,VH,CONTROL,1,1,50,stim_end_depolarization_mV,6.339747442996639,True,0.0,0.4
1_VH_1_CONTROL,VH,CONTROL,1,1,50,rise_slope_mV_per_s,3.8136836710886888,True,0.0,0.8
1_VH_1_CONTROL,VH,CONTROL,1,1,50,rise_tau_s,0.7851284916201102,False,0.9852126825443355,0.8
1_VH_1_CONTROL,VH,CONTROL,1,1,50,plateau_slope_mV_per_s,0.011153001847365457,True,0.0,0.8
1_VH_1_CONTROL,VH,CONTROL,1,1,50,decay_slope_mV_per_s,4.522622988686401,False,5.532426632895149,0.7666666666666667
1_VH_1_CONTROL,VH,CONTROL,1,1,50,decay_tau_s,0.7239776536312874,False,0.46048108022528345,0.7666666666666667
1_VH_1_CONTROL,VH,CONTROL,1,1,50,return_slope_mV_per_s,0.042078403902589,True,0.0,0.8
1_VH_1_CONTROL,VH,CONTROL,1,1,50,undershoot_magnitude_mV,0.0,True,0.0,0.8
1_VH_1_CONTROL,VH,CONTROL,1,2,75,peak_depolarization_mV,10.295453770952633,True,0.0,0.4
1_VH_1_CONTROL,VH,CONTROL,1,2,75,stim_end_depolarization_mV,8.654189356669306,True,0.0,0.4
1_VH_1_CONTROL,VH,CONTROL,1,2,75,rise_slope_mV_per_s,7.898196652811568,True,0.0,0.8
1_VH_1_CONTROL,VH,CONTROL,1,2,75,rise_tau_s,0.7801284916201112,False,3.1310431886549277,0.8
1_VH_1_CONTROL,VH,CONTROL,1,2,75,plateau_slope_mV_per_s,-0.0031724521442772604,True,0.0,0.8
1_VH_1_CONTROL,VH,CONTROL,1,2,75,decay_slope_mV_per_s,6.509571488090896,True,0.0,0.7666666666666667
1_VH_1_CONTROL,VH,CONTROL,1,2,75,decay_tau_s,0.7249776536312851,False,0.758577527142353,0.7666666666666667
1_VH_1_CONTROL,VH,CONTROL,1,2,75,return_slope_mV_per_s,0.04303201565478952,True,0.0,0.8
1_VH_1_CONTROL,VH,CONTROL,1,2,75,undershoot_magnitude_mV,0.0,False,0.8061665656924251,0.8
1_VH_1_CONTROL,VH,CONTROL,1,3,100,peak_depolarization_mV,13.445916555834813,True,0.0,0.4
1_VH_1_CONTROL,VH,CONTROL,1,3,100,stim_end_depolarization_mV,11.07734108330041,False,0.05634277522661795,0.4
1_VH_1_CONTROL,VH,CONTROL,1,3,100,rise_slope_mV_per_s,6.87672413461458,False,0.4998559281467764,0.8
1_VH_1_CONTROL,VH,CONTROL,1,3,100,rise_tau_s,0.7871284916201127,False,2.2804506027638713,0.8
1_VH_1_CONTROL,VH,CONTROL,1,3,100,plateau_slope_mV_per_s,-0.01813029504527339,True,0.0,0.8
1_VH_1_CONTROL,VH,CONTROL,1,3,100,decay_slope_mV_per_s,8.586227955682098,False,0.12263633341108436,0.7666666666666667
1_VH_1_CONTROL,VH,CONTROL,1,3,100,decay_tau_s,0.7239776536312874,False,1.302171152869495,0.7666666666666667
1_VH_1_CONTROL,VH,CONTROL,1,3,100,return_slope_mV_per_s,0.04397175241691998,True,0.0,0.8
1_VH_1_CONTROL,VH,CONTROL,1,3,100,undershoot_magnitude_mV,0.11497494407004183,True,0.0,0.8
1_VH_1_CONTROL,VH,CONTROL,1,4,125,peak_depolarization_mV,17.157052126991374,True,0.0,0.4
1_VH_1_CONTROL,VH,CONTROL,1,4,125,stim_end_depolarization_mV,13.944176232509562,False,0.08188325167937885,0.4
1_VH_1_CONTROL,VH,CONTROL,1,4,125,rise_slope_mV_per_s,8.77473201254719,False,0.35632580510185596,0.8
1_VH_1_CONTROL,VH,CONTROL,1,4,125,rise_tau_s,0.7841284916201126,False,5.039106145251031,0.8
1_VH_1_CONTROL,VH,CONTROL,1,4,125,plateau_slope_mV_per_s,-0.035760717579717556,True,0.0,0.8
1_VH_1_CONTROL,VH,CONTROL,1,4,125,decay_slope_mV_per_s,11.03793081460078,True,0.0,0.7666666666666667
1_VH_1_CONTROL,VH,CONTROL,1,4,125,decay_tau_s,0.7239776536312874,False,1.187979689865727,0.7666666666666667
1_VH_1_CONTROL,VH,CONTROL,1,4,125,return_slope_mV_per_s,0.04501054348839227,True,0.0,0.8
1_VH_1_CONTROL,VH,CONTROL,1,4,125,undershoot_magnitude_mV,0.44398240978546255,True,0.0,0.8
1_VH_1_CONTROL,VH,CONTROL,1,5,150,peak_depolarization_mV,18.708345512650965,True,0.0,0.4
1_VH_1_CONTROL,VH,CONTROL,1,5,150,stim_end_depolarization_mV,15.148649988773485,False,0.27466487201537004,0.4
1_VH_1_CONTROL,VH,CONTROL,1,5,150,rise_slope_mV_per_s,14.352178660114541,True,0.0,0.8
1_VH_1_CONTROL,VH,CONTROL,1,5,150,rise_tau_s,0.7801284916201112,False,3.49273743016767,0.8
1_VH_1_CONTROL,VH,CONTROL,1,5,150,plateau_slope_mV_per_s,-0.04312676310549926,False,0.03435624482398792,0.8
1_VH_1_CONTROL,VH,CONTROL,1,5,150,decay_slope_mV_per_s,12.066178919019352,True,0.0,0.7666666666666667
1_VH_1_CONTROL,VH,CONTROL,1,5,150,decay_tau_s,0.7239776536312874,False,1.1269575968495475,0.7666666666666667
1_VH_1_CONTROL,VH,CONTROL,1,5,150,return_slope_mV_per_s,0.04542222479479944,True,0.0,0.8
1_VH_1_CONTROL,VH,CONTROL,1,5,150,undershoot_magnitude_mV,0.5798501630410158,False,0.4342544900812811,0.8
1_VH_1_CONTROL,VH,CONTROL,1,6,175,peak_depolarization_mV,19.693779544227596,True,0.0,0.4
1_VH_1_CONTROL,VH,CONTROL,1,6,175,stim_end_depolarization_mV,15.9156188746189,False,0.517160342939811,0.4
1_VH_1_CONTROL,VH,CONTROL,1,6,175,rise_slope_mV_per_s,15.108158138330875,True,0.0,0.8
1_VH_1_CONTROL,VH,CONTROL,1,6,175,rise_tau_s,0.7801284916201112,False,3.580237430167675,0.8
1_VH_1_CONTROL,VH,CONTROL,1,6,175,plateau_slope_mV_per_s,-0.04780107232470222,True,0.0,0.8
1_VH_1_CONTROL,VH,CONTROL,1,6,175,decay_slope_mV_per_s,12.720971695441722,True,0.0,0.7666666666666667
1_VH_1_CONTROL,VH,CONTROL,1,6,175,decay_tau_s,0.7239776536312874,False,1.1726256983240348,0.7666666666666667
1_VH_1_CONTROL,VH,CONTROL,1,6,175,return_slope_mV_per_s,0.04636814893595082,True,0.0,0.8
1_VH_1_CONTROL,VH,CONTROL,1,6,175,undershoot_magnitude_mV,0.6664164644728743,False,0.11729105122370291,0.8
