file_id,candidate_id,region,condition,selection_note,accepted_all6,sweep,current_na,baseline_delta_pred_minus_obs_mV,raw_rmse_mV,centered_rmse_mV,obs_stim_end_centered_mV,pred_stim_end_centered_mV,stim_end_delta_pred_minus_obs_mV
1_DH_1_CONTROL,1_DH_1_CONTROL__cand_09,DH,CONTROL,accepted_best,True,1,50,-26.270183173179547,24.281598501965057,3.391926132721419,6.815408695652209,14.090024382694239,7.274615687042029
1_DH_1_CONTROL,1_DH_1_CONTROL__cand_09,DH,CONTROL,accepted_best,True,2,75,-26.140126651440397,24.625696252479344,2.103672189234394,9.991860869565144,14.090024382694239,4.098163513129094
1_DH_1_CONTROL,1_DH_1_CONTROL__cand_09,DH,CONTROL,accepted_best,True,3,100,-25.755374477527383,25.002560883043156,1.5358408422444902,13.189517391304378,14.090024382694239,0.9005069913898609
1_DH_1_CONTROL,1_DH_1_CONTROL__cand_09,DH,CONTROL,accepted_best,True,4,125,-25.404424477527385,25.281415727621155,2.330454896242916,16.12385869565194,14.090024382694239,-2.0338343129577012
1_DH_1_CONTROL,1_DH_1_CONTROL__cand_09,DH,CONTROL,accepted_best,True,5,150,-24.667996216657812,25.61163746087253,3.5377882761748487,19.56710434782638,14.090024382694239,-5.477079965132141
1_DH_1_CONTROL,1_DH_1_CONTROL__cand_09,DH,CONTROL,accepted_best,True,6,175,-24.47959186883176,26.279522436479127,4.714545969159785,22.135826086956783,14.090024382694239,-8.045801704262544
1_DH_2_CONTROL,1_DH_2_CONTROL__cand_10,DH,CONTROL,accepted_best,True,1,50,-21.648637903485252,19.846225575594318,3.4417461036698347,6.594452173912693,13.736789127942046,7.1423369540293535
1_DH_2_CONTROL,1_DH_2_CONTROL__cand_10,DH,CONTROL,accepted_best,True,2,75,-20.60440746870269,19.762407671066278,1.8765374387564095,10.289747826086256,13.736789127942046,3.4470413018557906
1_DH_2_CONTROL,1_DH_2_CONTROL__cand_10,DH,CONTROL,accepted_best,True,3,100,-20.397437903485255,20.19726438641383,1.4403209150943432,13.386591304347618,13.736789127942046,0.35019782359442786
1_DH_2_CONTROL,1_DH_2_CONTROL__cand_10,DH,CONTROL,accepted_best,True,4,125,-19.752581381745912,20.366689623608657,2.471276441731848,16.476826086956834,13.736789127942046,-2.7400369590147875
1_DH_2_CONTROL,1_DH_2_CONTROL__cand_10,DH,CONTROL,accepted_best,True,5,150,-19.187324860007152,20.620046218255975,3.7257823696558567,19.517960869565457,13.736789127942046,-5.78117174162341
1_DH_2_CONTROL,1_DH_2_CONTROL__cand_10,DH,CONTROL,accepted_best,True,6,175,-18.718937903485255,21.194435830883304,5.126716589959848,22.589630434782556,13.736789127942046,-8.85284130684051
1_VH_1_CONTROL,1_VH_1_CONTROL__cand_02,VH,CONTROL,best_nonaccepted,False,1,50,-31.24095975676805,29.773490566773678,3.6838077260731867,5.3815608695653765,12.13598878368525,6.754427914119873
1_VH_1_CONTROL,1_VH_1_CONTROL__cand_02,VH,CONTROL,best_nonaccepted,False,2,75,-31.50577714807236,30.624295054440264,2.1526009019875803,8.359800000000163,12.13598878368525,3.776188783685086
1_VH_1_CONTROL,1_VH_1_CONTROL__cand_02,VH,CONTROL,best_nonaccepted,False,3,100,-31.720068452420257,31.436159823862766,0.8645130464771367,11.120213043477989,12.13598878368525,1.0157757402072605
1_VH_1_CONTROL,1_VH_1_CONTROL__cand_02,VH,CONTROL,best_nonaccepted,False,4,125,-31.76612497415934,32.23367302812113,1.2801701396485405,14.261747826086868,12.13598878368525,-2.1257590424016186
1_VH_1_CONTROL,1_VH_1_CONTROL__cand_02,VH,CONTROL,best_nonaccepted,False,5,150,-31.659824974159342,32.972141053569516,2.714029636323012,17.12156086956518,12.13598878368525,-4.98557208587993
1_VH_1_CONTROL,1_VH_1_CONTROL__cand_02,VH,CONTROL,best_nonaccepted,False,6,175,-31.55809453937669,33.824967973575646,4.0659549539701905,19.974547826087104,12.13598878368525,-7.8385590424018545
1_VH_2_CONTROL,1_VH_2_CONTROL__cand_03,VH,CONTROL,best_nonaccepted,False,1,50,-33.21717332898777,31.863031780270504,3.405769822176639,5.841495652173734,12.03552735450387,6.194031702330136
1_VH_2_CONTROL,1_VH_2_CONTROL__cand_03,VH,CONTROL,best_nonaccepted,False,2,75,-33.53058637246601,32.701219437573315,1.7840708691143,9.099278260869212,12.03552735450387,2.9362490936346575
1_VH_2_CONTROL,1_VH_2_CONTROL__cand_03,VH,CONTROL,best_nonaccepted,False,3,100,-33.29138202463996,33.46301402435242,0.7287856832918493,12.61263478260873,12.03552735450387,-0.5771074281048598
1_VH_2_CONTROL,1_VH_2_CONTROL__cand_03,VH,CONTROL,best_nonaccepted,False,4,125,-33.3669689811617,34.35730615403973,1.908286389032402,15.725334782608662,12.03552735450387,-3.6898074281047926
1_VH_2_CONTROL,1_VH_2_CONTROL__cand_03,VH,CONTROL,best_nonaccepted,False,5,150,-33.67039506811821,35.42464910323148,3.330412671548964,18.677695652173703,12.03552735450387,-6.6421682976698335
1_VH_2_CONTROL,1_VH_2_CONTROL__cand_03,VH,CONTROL,best_nonaccepted,False,6,175,-33.871560285509496,36.36082782203659,4.760545262951336,21.235578260869598,12.03552735450387,-9.200050906365728
2_DH_1_CONTROL,2_DH_1_CONTROL__cand_05,DH,CONTROL,accepted_best,True,1,50,-20.280239300110054,18.622566326836992,3.928575866178501,5.676299999999998,13.549131820138527,7.872831820138529
2_DH_1_CONTROL,2_DH_1_CONTROL__cand_05,DH,CONTROL,accepted_best,True,2,75,-20.29350016967517,19.313568457882123,2.5033717725786517,8.291517391304751,13.549131820138527,5.257614428833776
2_DH_1_CONTROL,2_DH_1_CONTROL__cand_05,DH,CONTROL,accepted_best,True,3,100,-20.402339300110057,19.455244880837146,1.7548478245418462,10.227334782608992,13.549131820138527,3.321797037529535
2_DH_1_CONTROL,2_DH_1_CONTROL__cand_05,DH,CONTROL,accepted_best,True,4,125,-19.768069734892606,19.200585777431773,1.1749992817549524,11.94300869565238,13.549131820138527,1.606123124486146
2_DH_1_CONTROL,2_DH_1_CONTROL__cand_05,DH,CONTROL,accepted_best,True,5,150,-18.85256973489261,18.743053859828745,1.4074793052713384,14.136230434782512,13.549131820138527,-0.5870986146439847
2_DH_1_CONTROL,2_DH_1_CONTROL__cand_05,DH,CONTROL,accepted_best,True,6,175,-17.50313930011005,18.034025854621078,2.2656321190626243,16.174300000000002,13.549131820138527,-2.6251681798614754
2_VH_1_CONTROL,2_VH_1_CONTROL__cand_07,VH,CONTROL,best_nonaccepted,False,1,50,-28.154943040971546,26.966405466483383,3.456245858359064,6.986969565217386,13.54563634236196,6.558666777144573
2_VH_1_CONTROL,2_VH_1_CONTROL__cand_07,VH,CONTROL,best_nonaccepted,False,2,75,-28.720860432275856,28.193161495125064,1.3551052097816783,11.939382608695446,13.54563634236196,1.606253733666513
2_VH_1_CONTROL,2_VH_1_CONTROL__cand_07,VH,CONTROL,best_nonaccepted,False,3,100,-29.210608258362825,29.54930172781841,0.8345404419274739,14.386643478260602,13.54563634236196,-0.8410071358986428
2_VH_1_CONTROL,2_VH_1_CONTROL__cand_07,VH,CONTROL,best_nonaccepted,False,4,125,-29.707743040971536,31.016070807797927,2.4285990209103923,17.51446086956539,13.54563634236196,-3.968824527203431
2_VH_1_CONTROL,2_VH_1_CONTROL__cand_07,VH,CONTROL,best_nonaccepted,False,5,150,-30.090447388797593,31.475825654776255,3.569367677693014,20.156056521739337,13.54563634236196,-6.610420179377378
2_VH_1_CONTROL,2_VH_1_CONTROL__cand_07,VH,CONTROL,best_nonaccepted,False,6,175,-29.621925649667148,32.25945373252877,5.122028770260319,23.255278260869744,13.54563634236196,-9.709641918507785
3_DH_1_CONTROL,3_DH_1_CONTROL__cand_08,DH,CONTROL,accepted_best,True,1,50,-23.39340853027923,22.064243358973613,2.7885377412977137,8.296765217391005,13.592735608783315,5.295970391392309
3_DH_1_CONTROL,3_DH_1_CONTROL__cand_08,DH,CONTROL,accepted_best,True,2,75,-22.722008530279233,22.156070061281362,1.157829814612657,12.525460869565066,13.592735608783315,1.0672747392182487
3_DH_1_CONTROL,3_DH_1_CONTROL__cand_08,DH,CONTROL,accepted_best,True,3,100,-22.13152157375734,23.451459466192375,1.716579007136542,16.646665217391757,13.592735608783315,-3.053929608608442
3_DH_1_CONTROL,3_DH_1_CONTROL__cand_08,DH,CONTROL,accepted_best,True,4,125,-21.59943896506178,22.76916076371209,3.0518024115289233,19.174369565215194,13.592735608783315,-5.5816339564318795
3_DH_1_CONTROL,3_DH_1_CONTROL__cand_08,DH,CONTROL,accepted_best,True,5,150,-20.95863896506178,23.47778481254379,4.53221101784752,22.82046956521745,13.592735608783315,-9.227733956434136
3_DH_1_CONTROL,3_DH_1_CONTROL__cand_08,DH,CONTROL,accepted_best,True,6,175,-20.19563896506179,23.550985316061013,5.99993948351677,25.719669565217444,13.592735608783315,-12.12693395643413
3_DH_2_CONTROL,3_DH_2_CONTROL__cand_09,DH,CONTROL,accepted_best,True,1,50,-18.216927536747463,16.933611349579095,3.2468473355890377,7.531169565217446,13.675092025995724,6.143922460778278
3_DH_2_CONTROL,3_DH_2_CONTROL__cand_09,DH,CONTROL,accepted_best,True,2,75,-17.4951362323998,17.085127495901588,1.7290461558995953,11.932356521739173,13.675092025995724,1.7427355042565509
3_DH_2_CONTROL,3_DH_2_CONTROL__cand_09,DH,CONTROL,accepted_best,True,3,100,-17.08774927587791,17.499608833990788,2.012919353873812,15.48304347826106,13.675092025995724,-1.8079514522653355
3_DH_2_CONTROL,3_DH_2_CONTROL__cand_09,DH,CONTROL,accepted_best,True,4,125,-16.324827536747463,17.65623845355129,3.3061877562907855,18.826704347826443,13.675092025995724,-5.151612321830719
3_DH_2_CONTROL,3_DH_2_CONTROL__cand_09,DH,CONTROL,accepted_best,True,5,150,-15.450436232399795,17.843232428813035,4.854503948650552,22.504760869565118,13.675092025995724,-8.829668843569394
3_DH_2_CONTROL,3_DH_2_CONTROL__cand_09,DH,CONTROL,accepted_best,True,6,175,-14.469879710660464,18.276958909793162,6.4379504472870055,26.04478260869545,13.675092025995724,-12.369690582699725
3_VH_1_CONTROL,3_VH_1_CONTROL__cand_09,VH,CONTROL,best_nonaccepted,False,1,50,-26.44716317674412,26.487376807125315,2.293912464248751,6.238095652173847,8.992543300357042,2.754447648183195
3_VH_1_CONTROL,3_VH_1_CONTROL__cand_09,VH,CONTROL,best_nonaccepted,False,2,75,-27.93778926370063,28.035473667607153,0.8638787999273838,9.261317391304509,8.992543300357042,-0.26877409094746696
3_VH_1_CONTROL,3_VH_1_CONTROL__cand_09,VH,CONTROL,best_nonaccepted,False,3,100,-28.018150133265863,29.32037282159213,1.8760929428362454,13.026404347826457,8.992543300357042,-4.033861047469415
3_VH_1_CONTROL,3_VH_1_CONTROL__cand_09,VH,CONTROL,best_nonaccepted,False,4,125,-28.4977283941354,30.72189695100441,3.121856237627209,15.603234782608922,8.992543300357042,-6.61069148225188
3_VH_1_CONTROL,3_VH_1_CONTROL__cand_09,VH,CONTROL,best_nonaccepted,False,5,150,-29.03921535065713,31.468178094445925,4.066539889416367,17.79331304347842,8.992543300357042,-8.800769743121378
3_VH_1_CONTROL,3_VH_1_CONTROL__cand_09,VH,CONTROL,best_nonaccepted,False,6,175,-28.832980568048434,32.16606014396587,5.396218879101106,20.52485652173916,8.992543300357042,-11.532313221382118
DH_1_CONTROL,DH_1_CONTROL__cand_35,DH,CONTROL,accepted_best,True,1,50,-26.661520858736438,25.464524696878897,4.331875342198164,6.302908695652256,12.72577414994609,6.422865454293834
DH_1_CONTROL,DH_1_CONTROL__cand_35,DH,CONTROL,accepted_best,True,2,75,-27.573603467432108,26.845389011844574,3.1606959871278946,9.201595652174255,12.72577414994609,3.5241784977718353
DH_1_CONTROL,DH_1_CONTROL__cand_35,DH,CONTROL,accepted_best,True,3,100,-28.013716510910363,27.901099261663067,2.3141584324182682,11.988243478260898,12.72577414994609,0.7375306716851924
DH_1_CONTROL,DH_1_CONTROL__cand_35,DH,CONTROL,accepted_best,True,4,125,-28.381620858736433,29.22231896941378,2.25682250176111,15.47016521739149,12.72577414994609,-2.744391067445399
DH_1_CONTROL,DH_1_CONTROL__cand_35,DH,CONTROL,accepted_best,True,5,150,-28.70164259786688,30.33417370929946,3.05554572311729,18.39936521739145,12.72577414994609,-5.673591067445358
DH_1_CONTROL,DH_1_CONTROL__cand_35,DH,CONTROL,accepted_best,True,6,175,-29.034373032649455,31.5524058226189,4.126545161559853,20.72216521739132,12.72577414994609,-7.996391067445231
DH_1_MFA,DH_1_MFA__cand_19,DH,MFA,best_nonaccepted,False,1,50,-20.36294956334578,20.088190044238118,2.532575043586352,10.710973913043034,13.706261714309534,2.9952878012664996
DH_1_MFA,DH_1_MFA__cand_19,DH,MFA,best_nonaccepted,False,2,75,-20.578171302476164,21.633262249181254,2.024095460984231,16.119073913043707,13.706261714309534,-2.412812198734173
DH_1_MFA,DH_1_MFA__cand_19,DH,MFA,best_nonaccepted,False,3,100,-21.05845391117184,23.507097489188766,3.6702154511993577,20.93165217391293,13.706261714309534,-7.225390459603396
DH_1_MFA,DH_1_MFA__cand_19,DH,MFA,best_nonaccepted,False,4,125,-20.849097389432686,24.85696145708116,5.702794809874898,25.299630434782493,13.706261714309534,-11.59336872047296
DH_1_MFA,DH_1_MFA__cand_19,DH,MFA,best_nonaccepted,False,5,150,-20.387053911171847,25.78359043421676,7.565622782837288,29.269682608695327,13.706261714309534,-15.563420894385793
DH_1_MFA,DH_1_MFA__cand_19,DH,MFA,best_nonaccepted,False,6,175,-19.27690608508489,26.639019154985625,9.690063737203664,33.56281304347824,13.706261714309534,-19.85655132916871
DH_1_MFA_BA,DH_1_MFA_BA__cand_18,DH,MFA_BA,accepted_best,True,1,50,-23.58695655005534,22.969244659497125,2.8552977689214756,9.47586521739131,13.755160760125847,4.279295542734538
DH_1_MFA_BA,DH_1_MFA_BA__cand_18,DH,MFA_BA,accepted_best,True,2,75,-24.083213071794503,24.664299017402612,1.413795280590784,14.267630434782475,13.755160760125847,-0.5124696746566286
DH_1_MFA_BA,DH_1_MFA_BA__cand_18,DH,MFA_BA,accepted_best,True,3,100,-24.275626115272757,25.91502350370739,2.2331968673251787,18.41735217391308,13.755160760125847,-4.662191413787234
DH_1_MFA_BA,DH_1_MFA_BA__cand_18,DH,MFA_BA,accepted_best,True,4,125,-24.392391332664047,27.196740718082815,3.905889019377465,22.52914347826097,13.755160760125847,-8.773982718135123
DH_1_MFA_BA,DH_1_MFA_BA__cand_18,DH,MFA_BA,accepted_best,True,5,150,-24.09453481092489,28.539408889079677,5.9721476709673,26.722608695652127,13.755160760125847,-12.96744793552628
DH_1_MFA_BA,DH_1_MFA_BA__cand_18,DH,MFA_BA,accepted_best,True,6,175,-24.1809130717945,29.843944392757994,7.606500149686091,30.231643478260963,13.755160760125847,-16.476482718135117
DH_2_CONTROL,DH_2_CONTROL__cand_14,DH,CONTROL,accepted_best,True,1,50,-25.111687488265915,23.669860748093317,3.3603638951395003,7.921421739130558,13.754415363626421,5.832993624495863
DH_2_CONTROL,DH_2_CONTROL__cand_14,DH,CONTROL,accepted_best,True,2,75,-26.01938314043985,25.58694484861476,1.5875531303766275,11.754999999999853,13.754415363626421,1.999415363626568
DH_2_CONTROL,DH_2_CONTROL__cand_14,DH,CONTROL,accepted_best,True,3,100,-27.01454835783114,27.461961203760843,1.1458024289853779,15.091213043478156,13.754415363626421,-1.3367976798517347
DH_2_CONTROL,DH_2_CONTROL__cand_14,DH,CONTROL,accepted_best,True,4,125,-27.528157053483334,28.477386583738827,2.142502774563129,17.880647826086815,13.754415363626421,-4.126232462460393
DH_2_CONTROL,DH_2_CONTROL__cand_14,DH,CONTROL,accepted_best,True,5,150,-27.50508314043985,29.122390361637773,3.4198563993020463,20.67258260869584,13.754415363626421,-6.918167245069419
DH_2_CONTROL,DH_2_CONTROL__cand_14,DH,CONTROL,accepted_best,True,6,175,-27.102783140439854,29.82802394473728,4.79878141317354,23.323221739130254,13.754415363626421,-9.568806375503833
DH_2_MFA,DH_2_MFA__cand_06,DH,MFA,accepted_best,True,1,50,-32.96289276047557,31.103078054691302,3.2243536042404903,7.404978260869569,13.69584228308831,6.2908640222187415
DH_2_MFA,DH_2_MFA__cand_06,DH,MFA,accepted_best,True,2,75,-32.60886232569299,31.70095529912996,1.479880735483887,11.770765217391371,13.69584228308831,1.9250770656969394
DH_2_MFA,DH_2_MFA__cand_06,DH,MFA,accepted_best,True,3,100,-32.466453630040796,33.54816656456816,1.6840446403029439,15.968560869565124,13.69584228308831,-2.272718586476813
DH_2_MFA,DH_2_MFA__cand_06,DH,MFA,accepted_best,True,4,125,-32.89395797786693,34.33836752554508,3.478930839333977,19.513213043478167,13.69584228308831,-5.817370760389856
DH_2_MFA,DH_2_MFA__cand_06,DH,MFA,accepted_best,True,5,150,-32.89251015177995,35.41521095962986,5.180080087560021,23.191395652174045,13.69584228308831,-9.495553369085734
DH_2_MFA,DH_2_MFA__cand_06,DH,MFA,accepted_best,True,6,175,-32.87898406482344,36.1438559932565,6.857694244097456,26.25375652173921,13.69584228308831,-12.557914238650898
DH_2_MFA_BA,DH_2_MFA_BA__cand_01,DH,MFA_BA,accepted_best,True,1,50,-42.70228893806769,41.41193265138438,3.0963319921512285,3.8502521739129563,9.70556851136594,5.855316337452983
DH_2_MFA_BA,DH_2_MFA_BA__cand_01,DH,MFA_BA,accepted_best,True,2,75,-43.73825850328503,43.132617958127334,1.8974945427222891,6.654991304347618,9.70556851136594,3.0505772070183212
DH_2_MFA_BA,DH_2_MFA_BA__cand_01,DH,MFA_BA,accepted_best,True,3,100,-45.10345850328504,44.719839604916295,0.7710369811723571,8.901730434782785,9.70556851136594,0.8038380765831548
DH_2_MFA_BA,DH_2_MFA_BA__cand_01,DH,MFA_BA,accepted_best,True,4,125,-45.549815025024195,46.15879317452903,1.0985657998117535,12.448947826086858,9.70556851136594,-2.7433793147209187
DH_2_MFA_BA,DH_2_MFA_BA__cand_01,DH,MFA_BA,accepted_best,True,5,150,-46.750215025024204,47.89298866482898,2.369217477957838,15.430095652173911,9.70556851136594,-5.724527140807972
DH_2_MFA_BA,DH_2_MFA_BA__cand_01,DH,MFA_BA,accepted_best,True,6,175,-47.7512150250242,49.498494542079264,3.6968047303519516,18.161478260869224,9.70556851136594,-8.455909749503284
DH_3_MFA,DH_3_MFA__cand_10,DH,MFA,accepted_best,True,1,50,-24.78545692166326,23.071596011250147,3.7663691971152233,6.86631739130415,13.738083393614758,6.871766002310608
DH_3_MFA,DH_3_MFA__cand_10,DH,MFA,accepted_best,True,2,75,-24.624256921663267,24.009646437368115,1.5514236915842905,11.761247826087242,13.738083393614758,1.976835567527516
DH_3_MFA,DH_3_MFA__cand_10,DH,MFA,accepted_best,True,3,100,-24.927743878184998,25.346624217621766,1.081909991428823,15.624704347826288,13.738083393614758,-1.88662095421153
DH_3_MFA,DH_3_MFA__cand_10,DH,MFA,accepted_best,True,4,125,-25.46022213905455,27.00486347548976,2.667899379862746,19.123343478260857,13.738083393614758,-5.385260084646099
DH_3_MFA,DH_3_MFA__cand_10,DH,MFA,accepted_best,True,5,150,-25.69400909557629,28.164052729795525,4.153084536294357,22.330465217391115,13.738083393614758,-8.592381823776357
DH_3_MFA,DH_3_MFA__cand_10,DH,MFA,accepted_best,True,6,175,-25.90230474775022,29.426910147688275,5.77011434684405,25.571317391304255,13.738083393614758,-11.833233997689497
DH_3_MFA_BA,DH_3_MFA_BA__cand_01,DH,MFA_BA,accepted_best,True,1,50,-34.892196831854285,33.80463415142566,1.8941711274908297,2.7372478260871347,6.3143453971165115,3.577097571029377
DH_3_MFA_BA,DH_3_MFA_BA__cand_01,DH,MFA_BA,accepted_best,True,2,75,-35.390544657941255,34.92309713192211,0.9934199078689907,4.98286521739135,6.3143453971165115,1.3314801797251619
DH_3_MFA_BA,DH_3_MFA_BA__cand_01,DH,MFA_BA,accepted_best,True,3,100,-36.4302577014195,36.31099274886543,0.4357096177424799,6.622352173913185,6.3143453971165115,-0.3080067767966739
DH_3_MFA_BA,DH_3_MFA_BA__cand_01,DH,MFA_BA,accepted_best,True,4,125,-37.26899683185428,37.7243815103873,0.9620042758689398,8.811178260869625,6.3143453971165115,-2.496832863753113
DH_3_MFA_BA,DH_3_MFA_BA__cand_01,DH,MFA_BA,accepted_best,True,5,150,-38.434696831854275,39.420349288339615,1.802403316274132,10.742465217391228,6.3143453971165115,-4.428119820274716
DH_3_MFA_BA,DH_3_MFA_BA__cand_01,DH,MFA_BA,accepted_best,True,6,175,-39.58481857098474,41.10468669874234,2.8096811594336533,12.915991304347948,6.3143453971165115,-6.601645907231436
DH_4_MFA,DH_4_MFA__cand_06,DH,MFA,best_nonaccepted,False,1,50,-15.998734017844853,15.619080619545832,2.4252641941928577,11.266821739130485,13.653551366457336,2.386729627326851
DH_4_MFA,DH_4_MFA__cand_06,DH,MFA,best_nonaccepted,False,2,75,-16.422555756975314,17.325975314237425,2.118034108032158,16.446413043478465,13.653551366457336,-2.792861677021129
DH_4_MFA,DH_4_MFA__cand_06,DH,MFA,best_nonaccepted,False,3,100,-15.967560104801379,18.734955606749853,4.09002137901608,21.80537826086926,13.653551366457336,-8.151826894411926
DH_4_MFA,DH_4_MFA__cand_06,DH,MFA,best_nonaccepted,False,4,125,-15.938620974366614,20.468581885761765,6.215709154305889,26.326765217391213,13.653551366457336,-12.673213850933877
DH_4_MFA,DH_4_MFA__cand_06,DH,MFA,best_nonaccepted,False,5,150,-16.095455756975298,22.123036853290557,8.067477271918648,30.03420869565216,13.653551366457336,-16.380657329194825
DH_4_MFA,DH_4_MFA__cand_06,DH,MFA,best_nonaccepted,False,6,175,-16.10209488741009,23.662346533263584,9.921820374672981,33.77871739130447,13.653551366457336,-20.125166024847132
DH_4_MFA_BA,DH_4_MFA_BA__cand_20,DH,MFA_BA,accepted_best,True,1,50,-19.190834250115927,18.374592038098314,2.6681555697416703,9.298147826086762,13.712073743110068,4.413925917023306
DH_4_MFA_BA,DH_4_MFA_BA__cand_20,DH,MFA_BA,accepted_best,True,2,75,-19.59555164142023,19.778600220045718,0.9549918296983609,13.85960869565205,13.712073743110068,-0.14753495254198157
DH_4_MFA_BA,DH_4_MFA_BA__cand_20,DH,MFA_BA,accepted_best,True,3,100,-19.297512510985456,21.03413829532899,2.3260481556233183,18.518447826086863,13.712073743110068,-4.806374082976795
DH_4_MFA_BA,DH_4_MFA_BA__cand_20,DH,MFA_BA,accepted_best,True,4,125,-19.351912510985457,22.579546165684704,4.303042938702701,22.81082608695641,13.712073743110068,-9.098752343846343
DH_4_MFA_BA,DH_4_MFA_BA__cand_20,DH,MFA_BA,accepted_best,True,5,150,-19.690121206637656,24.12111260237135,6.029747311012233,26.292356521739315,13.712073743110068,-12.580282778629247
DH_4_MFA_BA,DH_4_MFA_BA__cand_20,DH,MFA_BA,accepted_best,True,6,175,-19.810334250115915,25.60161502435981,7.689746909606883,29.426917391304357,13.712073743110068,-15.71484364819429
DH_5_MFA,DH_5_MFA__cand_01,DH,MFA,best_nonaccepted,False,1,50,-27.23638531280193,25.78802440391975,2.77983501574482,8.935947826087073,13.68781559089642,4.751867764809347
DH_5_MFA,DH_5_MFA__cand_01,DH,MFA,best_nonaccepted,False,2,75,-24.99945487801935,25.464258293728786,1.2794534675647864,15.648386956521655,13.68781559089642,-1.9605713656252348
DH_5_MFA,DH_5_MFA__cand_01,DH,MFA,best_nonaccepted,False,3,100,-25.0947592258454,27.231069308678084,3.6597620369383255,21.633773913043562,13.68781559089642,-7.945958322147142
DH_5_MFA,DH_5_MFA__cand_01,DH,MFA,best_nonaccepted,False,4,125,-25.365041834541096,28.750150520895563,5.689650224822212,25.885278260869583,13.68781559089642,-12.197462669973163
DH_5_MFA,DH_5_MFA__cand_01,DH,MFA,best_nonaccepted,False,5,150,-25.65187226932367,31.699345649285085,9.17193616855996,31.833347826086968,13.68781559089642,-18.145532235190547
DH_5_MFA,DH_5_MFA__cand_01,DH,MFA,best_nonaccepted,False,6,175,-25.989694008454123,32.904936408038466,10.57584112354709,35.11898695652141,13.68781559089642,-21.43117136562499
DH_5_MFA_BA,DH_5_MFA_BA__cand_09,DH,MFA_BA,accepted_best,True,1,50,-29.757145990264597,28.054121282159965,4.146186354898419,6.049426086956451,13.671694267826268,7.622268180869817
DH_5_MFA_BA,DH_5_MFA_BA__cand_09,DH,MFA_BA,accepted_best,True,2,75,-29.98881120765588,29.06404312870135,2.482990872207607,9.82643478260843,13.671694267826268,3.845259485217838
DH_5_MFA_BA,DH_5_MFA_BA__cand_09,DH,MFA_BA,accepted_best,True,3,100,-30.425659033742853,30.522811090280733,0.9928313842173802,14.465847826086922,13.671694267826268,-0.7941535582606534
DH_5_MFA_BA,DH_5_MFA_BA__cand_09,DH,MFA_BA,accepted_best,True,4,125,-30.92399816417761,32.184204347601835,2.1129245437067117,19.0341869565218,13.671694267826268,-5.362492688695532
DH_5_MFA_BA,DH_5_MFA_BA__cand_09,DH,MFA_BA,accepted_best,True,5,150,-31.569498164177695,33.956697873670684,4.014301817377936,23.35576086956494,13.671694267826268,-9.684066601738671
DH_5_MFA_BA,DH_5_MFA_BA__cand_09,DH,MFA_BA,accepted_best,True,6,175,-32.17125903374285,35.80615361228197,5.937318168917501,27.56280434782611,13.671694267826268,-13.89111007999984
DH_6_MFA,DH_6_MFA__cand_01,DH,MFA,accepted_best,True,1,50,-35.093505521756356,34.036462813108386,3.080795889024032,7.1007391304347465,12.731125432615926,5.630386302181179
DH_6_MFA,DH_6_MFA__cand_01,DH,MFA,accepted_best,True,2,75,-36.022653347843324,35.184529460141675,1.694231053938522,9.637347826086923,12.731125432615926,3.0937776065290024
DH_6_MFA,DH_6_MFA__cand_01,DH,MFA,accepted_best,True,3,100,-36.110470739147644,35.906997591344556,0.7463775953272853,12.629426086956322,12.731125432615926,0.10169934565960403
DH_6_MFA,DH_6_MFA__cand_01,DH,MFA,accepted_best,True,4,125,-35.970783782625965,36.594758558414334,1.7218479440663297,15.798552173913059,12.731125432615926,-3.067426741297133
DH_6_MFA,DH_6_MFA__cand_01,DH,MFA,accepted_best,True,5,150,-36.174335956539,38.07470880162112,3.9977159227743138,20.30628695652166,12.731125432615926,-7.575161523905734
DH_6_MFA,DH_6_MFA__cand_01,DH,MFA,accepted_best,True,6,175,-35.233988130452026,38.21177705912633,5.614879253929731,23.628260869565363,12.731125432615926,-10.897135436949437
DH_6_MFA_BA,DH_6_MFA_BA__cand_16,DH,MFA_BA,accepted_best,True,1,50,-42.641659716647894,40.7312696192238,3.9761535550653284,5.983539130435034,13.645057918164426,7.661518787729392
DH_6_MFA_BA,DH_6_MFA_BA__cand_16,DH,MFA_BA,accepted_best,True,2,75,-42.236668412300084,41.37673660063967,2.2533141156773344,9.788047826086924,13.645057918164426,3.857010092077502
DH_6_MFA_BA,DH_6_MFA_BA__cand_16,DH,MFA_BA,accepted_best,True,3,100,-42.480959716647966,41.89182411975417,1.1764587481024884,12.485839130434353,13.645057918164426,1.1592187877300724
DH_6_MFA_BA,DH_6_MFA_BA__cand_16,DH,MFA_BA,accepted_best,True,4,125,-41.47532928186537,42.054532320736136,1.4609141298898098,16.57126521739127,13.645057918164426,-2.9262072992268457
DH_6_MFA_BA,DH_6_MFA_BA__cand_16,DH,MFA_BA,accepted_best,True,5,150,-40.41904232534356,41.93377049495062,3.082978439780818,19.955969565217774,13.645057918164426,-6.310911647053349
DH_6_MFA_BA,DH_6_MFA_BA__cand_16,DH,MFA_BA,accepted_best,True,6,175,-38.96971623838706,41.61417347452228,4.914616358871697,23.860586956521587,13.645057918164426,-10.215529038357161
VH_1_MFA,VH_1_MFA__cand_16,VH,MFA,accepted_best,True,1,50,-29.396257463556182,27.62809076253807,3.791091137140556,5.391656521738952,12.461716780193441,7.07006025845449
VH_1_MFA,VH_1_MFA__cand_16,VH,MFA,accepted_best,True,2,75,-29.646874854860513,28.6479124357015,2.351608809251367,8.466760869565555,12.461716780193441,3.994955910627887
VH_1_MFA,VH_1_MFA__cand_16,VH,MFA,accepted_best,True,3,100,-30.08156181138225,29.432604512990483,1.3324894756062575,10.959004347826344,12.461716780193441,1.5027124323670975
VH_1_MFA,VH_1_MFA__cand_16,VH,MFA,accepted_best,True,4,125,-29.95897050703445,30.006943161606703,1.0749576445191902,13.348117391304555,12.461716780193441,-0.8864006111111138
VH_1_MFA,VH_1_MFA__cand_16,VH,MFA,accepted_best,True,5,150,-29.999579202686633,30.76336787757333,1.9939693904225042,16.028582608695558,12.461716780193441,-3.5668658285021166
VH_1_MFA,VH_1_MFA__cand_16,VH,MFA,accepted_best,True,6,175,-30.245270507034448,31.683963143818346,3.0783707201268653,18.361226086956556,12.461716780193441,-5.899509306763115
VH_1_MFA_BA,VH_1_MFA_BA__cand_01,VH,MFA_BA,accepted_best,True,1,50,-37.03064615826822,36.38007374924654,1.2438224917494216,2.2530260869561687,4.556541672968564,2.303515586012395
VH_1_MFA_BA,VH_1_MFA_BA__cand_01,VH,MFA_BA,accepted_best,True,2,75,-37.480685288702986,37.2060143466182,0.6571411518409128,3.7337913043477613,4.556541672968564,0.8227503686208024
VH_1_MFA_BA,VH_1_MFA_BA__cand_01,VH,MFA_BA,accepted_best,True,3,100,-38.013693984355186,38.09983776425661,0.3056491620135118,5.233265217391512,4.556541672968564,-0.6767235444229485
VH_1_MFA_BA,VH_1_MFA_BA__cand_01,VH,MFA_BA,accepted_best,True,4,125,-38.46718094087692,39.029555004745646,0.908347143895013,6.935721739130514,4.556541672968564,-2.3791800661619504
VH_1_MFA_BA,VH_1_MFA_BA__cand_01,VH,MFA_BA,accepted_best,True,5,150,-39.121085288703064,40.00709905061827,1.6288036661682492,8.728191304347604,4.556541672968564,-4.17164963137904
VH_1_MFA_BA,VH_1_MFA_BA__cand_01,VH,MFA_BA,accepted_best,True,6,175,-39.51530702783344,40.91845858174642,2.491226016167431,10.649556521738866,4.556541672968564,-6.093014848770302
VH_2_MFA,VH_2_MFA__cand_10,VH,MFA,accepted_best,True,1,50,-24.948890069490275,23.50485033084328,3.3580481486947704,6.603882608695443,12.712344394812035,6.108461786116592
VH_2_MFA,VH_2_MFA__cand_10,VH,MFA,accepted_best,True,2,75,-25.117403112968532,24.358674992491274,1.6116295292429674,10.20292608695641,12.712344394812035,2.5094183078556256
VH_2_MFA,VH_2_MFA__cand_10,VH,MFA,accepted_best,True,3,100,-25.11846398253376,25.263782251055385,0.8718868924161749,13.785708695652033,12.712344394812035,-1.073364300839998
VH_2_MFA,VH_2_MFA__cand_10,VH,MFA,accepted_best,True,4,125,-25.167703112968518,26.167414931730175,2.2113721566654125,17.11679130434773,12.712344394812035,-4.404446909535693
VH_2_MFA,VH_2_MFA__cand_10,VH,MFA,accepted_best,True,5,150,-25.04045093905549,26.97966567108514,3.7080143502210516,20.298578260869526,12.712344394812035,-7.586233866057491
VH_2_MFA,VH_2_MFA__cand_10,VH,MFA,accepted_best,True,6,175,-25.01299006949027,27.98794015013382,5.192610541742629,23.23143913043471,12.712344394812035,-10.519094735622673
VH_2_MFA_BA,VH_2_MFA_BA__cand_10,VH,MFA_BA,accepted_best,True,1,50,-31.284239271752448,30.723854477520625,1.2715475831276177,2.7038478260866583,5.01801398903217,2.3141661629455115
VH_2_MFA_BA,VH_2_MFA_BA__cand_10,VH,MFA_BA,accepted_best,True,2,75,-31.486852315230706,31.29935594221561,0.5663440968262833,4.68021739130436,5.01801398903217,0.33779659772780946
VH_2_MFA_BA,VH_2_MFA_BA__cand_10,VH,MFA_BA,accepted_best,True,3,100,-31.47691753262199,31.88731220747897,0.8436567401478122,7.474495652173893,5.01801398903217,-2.456481663141723
VH_2_MFA_BA,VH_2_MFA_BA__cand_10,VH,MFA_BA,accepted_best,True,4,125,-31.51234361957851,32.55834316626828,2.006599783788674,10.382726086956595,5.01801398903217,-5.364712097924425
VH_2_MFA_BA,VH_2_MFA_BA__cand_10,VH,MFA_BA,accepted_best,True,5,150,-31.507713184795918,33.22587387561961,3.3142383321826663,13.492465217391228,5.01801398903217,-8.474451228359058
VH_2_MFA_BA,VH_2_MFA_BA__cand_10,VH,MFA_BA,accepted_best,True,6,175,-31.174817532621987,34.10713273614722,4.843203743106601,16.883973913043484,5.01801398903217,-11.865959924011314
VH_3_MFA,VH_3_MFA__cand_35,VH,MFA,best_nonaccepted,False,1,50,-16.409359699874145,15.741262982565575,2.4962260626620636,9.20738260869566,12.551116966013879,3.343734357318219
VH_3_MFA,VH_3_MFA__cand_35,VH,MFA,best_nonaccepted,False,2,75,-15.952885786830663,17.151570579370837,1.8894164630877923,15.566469565217552,12.551116966013879,-3.0153525992036734
VH_3_MFA,VH_3_MFA__cand_35,VH,MFA,best_nonaccepted,False,3,100,-16.69631187378718,19.552184466648672,3.9043023236047794,20.596065217391434,12.551116966013879,-8.044948251377555
VH_3_MFA,VH_3_MFA__cand_35,VH,MFA,best_nonaccepted,False,4,125,-17.840477091178457,21.705532170822753,5.376575836490054,23.87892173913061,12.551116966013879,-11.327804773116732
VH_3_MFA,VH_3_MFA__cand_35,VH,MFA,best_nonaccepted,False,5,150,-18.761198830308913,24.03535200632143,7.292683127291592,27.85960000000007,12.551116966013879,-15.308483033986192
VH_3_MFA,VH_3_MFA__cand_35,VH,MFA,best_nonaccepted,False,6,175,-19.172220569439304,26.039668063597027,9.235797270498578,31.761521739130615,12.551116966013879,-19.210404773116736
VH_3_MFA_BA,VH_3_MFA_BA__cand_41,VH,MFA_BA,accepted_best,True,1,50,-32.69474947730015,32.906253599800394,0.34325949769057057,4.443526086956439,3.6162240817894826,-0.8273020051669562
VH_3_MFA_BA,VH_3_MFA_BA__cand_41,VH,MFA_BA,accepted_best,True,2,75,-32.71667121643059,33.65329114291335,1.540307020333368,7.079804347825963,3.6162240817894826,-3.4635802660364803
VH_3_MFA_BA,VH_3_MFA_BA__cand_41,VH,MFA_BA,accepted_best,True,3,100,-32.72993208599581,34.64842164825277,2.993591142247348,10.083017391304736,3.6162240817894826,-6.466793309515253
VH_3_MFA_BA,VH_3_MFA_BA__cand_41,VH,MFA_BA,accepted_best,True,4,125,-33.15557991208273,35.40161921356003,3.9619073031290726,12.155130434782599,3.6162240817894826,-8.538906352993116
VH_3_MFA_BA,VH_3_MFA_BA__cand_41,VH,MFA_BA,accepted_best,True,5,150,-33.102353825126215,36.360308750583044,5.313080210417179,14.907034782608704,3.6162240817894826,-11.290810700819222
VH_3_MFA_BA,VH_3_MFA_BA__cand_41,VH,MFA_BA,accepted_best,True,6,175,-33.054992955560984,37.22143327160474,6.595024484918286,17.240808695652298,3.6162240817894826,-13.624584613862815
VH_4_MFA,VH_4_MFA__cand_04,VH,MFA,accepted_best,True,1,50,-31.94551349224934,30.10519992132298,3.592527604511685,5.5760304347825596,12.459681682550965,6.883651247768405
VH_4_MFA,VH_4_MFA__cand_04,VH,MFA,accepted_best,True,2,75,-31.165691753118892,30.52644007022535,1.6041692871540736,9.884795652173864,12.459681682550965,2.574886030377101
VH_4_MFA,VH_4_MFA__cand_04,VH,MFA,accepted_best,True,3,100,-31.16663088355366,31.499763884607656,0.9254529096286479,13.548608695652561,12.459681682550965,-1.0889270131015962
VH_4_MFA,VH_4_MFA__cand_04,VH,MFA,accepted_best,True,4,125,-31.461222187901463,32.54049874085081,2.134618188172218,16.69051739130407,12.459681682550965,-4.230835708753105
VH_4_MFA,VH_4_MFA__cand_04,VH,MFA,accepted_best,True,5,150,-31.91400479659722,33.93887158937994,3.6917717602392046,19.845730434782595,12.459681682550965,-7.3860487522316305
VH_4_MFA,VH_4_MFA__cand_04,VH,MFA,accepted_best,True,6,175,-32.595778709640626,35.32529883021206,4.973499288701468,22.279821739130494,12.459681682550965,-9.820140056579529
VH_4_MFA_BA,VH_4_MFA_BA__cand_10,VH,MFA_BA,accepted_best,True,1,50,-45.21023704863272,44.90282462883241,1.3543667749623227,3.172178260869636,5.208440677012689,2.036262416143053
VH_4_MFA_BA,VH_4_MFA_BA__cand_10,VH,MFA_BA,accepted_best,True,2,75,-46.957367483415375,46.886546133827366,0.7529268853843254,4.430269565217351,5.208440677012689,0.7781711117953378
VH_4_MFA_BA,VH_4_MFA_BA__cand_10,VH,MFA_BA,accepted_best,True,3,100,-48.42260661385007,48.67649065988101,0.47785690586872404,6.167356521739471,5.208440677012689,-0.958915844726782
VH_4_MFA_BA,VH_4_MFA_BA__cand_10,VH,MFA_BA,accepted_best,True,4,125,-49.722410961676204,50.05231910195006,0.8806792596701203,7.54609130434779,5.208440677012689,-2.337650627335101
VH_4_MFA_BA,VH_4_MFA_BA__cand_10,VH,MFA_BA,accepted_best,True,5,150,-49.879376179067506,50.79822843182151,1.773030518311411,9.676517391304444,5.208440677012689,-4.468076714291755
VH_4_MFA_BA,VH_4_MFA_BA__cand_10,VH,MFA_BA,accepted_best,True,6,175,-50.66143270080666,52.084216859793266,2.7448206432695845,11.692613043478111,5.208440677012689,-6.4841723664654225
VH_5_MFA,VH_5_MFA__cand_13,VH,MFA,accepted_best,True,1,50,-39.270088840397214,37.90186278553841,3.6164211047078223,5.801530434782578,12.209993999218014,6.408463564435436
VH_5_MFA,VH_5_MFA__cand_13,VH,MFA,accepted_best,True,2,75,-40.02138014474501,39.0631601812202,2.2973995591753473,8.432947826086867,12.209993999218014,3.777046173131147
VH_5_MFA,VH_5_MFA__cand_13,VH,MFA,accepted_best,True,3,100,-40.08094101431024,39.520640515221,1.2833968544474739,11.14687391304323,12.209993999218014,1.0631200861747843
VH_5_MFA,VH_5_MFA__cand_13,VH,MFA,accepted_best,True,4,125,-39.1394192751798,39.43977599941451,1.4819954428672595,14.316178260869627,12.209993999218014,-2.106184261651613
VH_5_MFA,VH_5_MFA__cand_13,VH,MFA,accepted_best,True,5,150,-38.3166627534407,39.16507442817745,2.64354987471287,16.77085652173909,12.209993999218014,-4.560862522521077
VH_5_MFA,VH_5_MFA__cand_13,VH,MFA,accepted_best,True,6,175,-36.46448884039721,38.58917003164996,4.061804739005818,20.3235260869563,12.209993999218014,-8.113532087738285
VH_5_MFA_BA,VH_5_MFA_BA__cand_24,VH,MFA_BA,accepted_best,True,1,50,-37.74337879596444,37.73510828755878,0.3940027160762645,4.064039130434729,4.287022984423473,0.22298385398874387
VH_5_MFA_BA,VH_5_MFA_BA__cand_24,VH,MFA_BA,accepted_best,True,2,75,-37.89006140466005,38.31145410642086,0.7479535977390538,6.106134782608791,4.287022984423473,-1.8191117981853182
VH_5_MFA_BA,VH_5_MFA_BA__cand_24,VH,MFA_BA,accepted_best,True,3,100,-37.657183143790505,38.83155689396861,1.8841906304820557,8.621613043478376,4.287022984423473,-4.334590059054904
VH_5_MFA_BA,VH_5_MFA_BA__cand_24,VH,MFA_BA,accepted_best,True,4,125,-37.44578749161663,39.389190789934396,3.155250471509952,11.657965217391357,4.287022984423473,-7.370942232967884
VH_5_MFA_BA,VH_5_MFA_BA__cand_24,VH,MFA_BA,accepted_best,True,5,150,-36.971991839442694,39.85923044779526,4.518785964206488,14.61445217391325,4.287022984423473,-10.327429189489777
VH_5_MFA_BA,VH_5_MFA_BA__cand_24,VH,MFA_BA,accepted_best,True,6,175,-36.84170053509488,40.47009925121646,5.74087329197083,17.11902608695641,4.287022984423473,-12.832003102532937
VH_6_MFA,VH_6_MFA__cand_14,VH,MFA,accepted_best,True,1,50,-22.155809894325216,20.60102176398256,3.9161587300906255,5.180686956521676,12.47300222288078,7.292315266359104
VH_6_MFA,VH_6_MFA__cand_14,VH,MFA,accepted_best,True,2,75,-22.018092503020895,21.0611232790489,2.582144444837528,8.197165217391543,12.47300222288078,4.275837005489237
VH_6_MFA,VH_6_MFA__cand_14,VH,MFA,accepted_best,True,3,100,-22.131114242151355,21.65965383796833,1.5933116247084704,10.391626086956315,12.47300222288078,2.081376135924465
VH_6_MFA,VH_6_MFA__cand_14,VH,MFA,accepted_best,True,4,125,-21.915505546499148,22.03913963902989,1.144911948100144,12.29765217391325,12.47300222288078,0.17535004896753037
VH_6_MFA,VH_6_MFA__cand_14,VH,MFA,accepted_best,True,5,150,-21.899857720412186,22.48188760145178,1.2970088086663774,14.339965217391438,12.47300222288078,-1.8669629945106578
VH_6_MFA,VH_6_MFA__cand_14,VH,MFA,accepted_best,True,6,175,-21.89747076389044,23.005746150432078,1.94776558364314,16.105639130434817,12.47300222288078,-3.632636907554037
VH_6_MFA_BA,VH_6_MFA_BA__cand_01,VH,MFA_BA,accepted_best,True,1,50,-28.974793755741693,27.974053642044915,1.6878590395876822,2.148678260869737,5.384872813117923,3.236194552248186
VH_6_MFA_BA,VH_6_MFA_BA__cand_01,VH,MFA_BA,accepted_best,True,2,75,-28.97729375574169,28.26168262110483,1.0909300638569692,3.437360869565005,5.384872813117923,1.947511943552918
VH_6_MFA_BA,VH_6_MFA_BA__cand_01,VH,MFA_BA,accepted_best,True,3,100,-28.8519285383504,28.593948586908603,0.4858949352316151,4.791930434782586,5.384872813117923,0.5929423783353371
VH_6_MFA_BA,VH_6_MFA_BA__cand_01,VH,MFA_BA,accepted_best,True,4,125,-29.066589407915565,29.088044160410266,0.3128157448001755,6.033034782608688,5.384872813117923,-0.648161969490765
VH_6_MFA_BA,VH_6_MFA_BA__cand_01,VH,MFA_BA,accepted_best,True,5,150,-26.90595897313299,29.331009479531403,2.587039194898827,9.698778260869666,5.384872813117923,-4.313905447751743
VH_6_MFA_BA,VH_6_MFA_BA__cand_01,VH,MFA_BA,accepted_best,True,6,175,-29.04855462530692,29.855515056389628,1.5374723869552633,8.852404347826102,5.384872813117923,-3.467531534708179
VH_7_OG_MFA,VH_7_OG_MFA__cand_09,VH,MFA,accepted_best,True,1,50,-24.910826176501615,23.790285702250195,3.2198041789899428,5.913908606109949,11.661018157356906,5.747109551246957
VH_7_OG_MFA,VH_7_OG_MFA__cand_09,VH,MFA,accepted_best,True,2,75,-25.53523922591456,24.832658529482792,1.8878036982265838,8.838708691608858,11.661018157356906,2.8223094657480488
VH_7_OG_MFA,VH_7_OG_MFA__cand_09,VH,MFA,accepted_best,True,3,100,-25.38188701026308,25.577622987937172,1.0205880797485898,11.831656475957075,11.661018157356906,-0.17063831860016876
VH_7_OG_MFA,VH_7_OG_MFA__cand_09,VH,MFA,accepted_best,True,4,125,-25.66604783202473,26.722456452309174,1.703750842263384,14.640500085498687,11.661018157356906,-2.97948192814178
VH_7_OG_MFA,VH_7_OG_MFA__cand_09,VH,MFA,accepted_best,True,5,150,-26.386821818697427,27.878609751135688,2.797196324279648,17.02747388917428,11.661018157356906,-5.366455731817375
VH_7_OG_MFA,VH_7_OG_MFA__cand_09,VH,MFA,accepted_best,True,6,175,-26.072913121088767,28.43987891501603,4.160065968833636,19.890908697608722,11.661018157356906,-8.229890540251816
VH_7_OG_MFA_BA,VH_7_OG_MFA_BA__cand_15,VH,MFA_BA,accepted_best,True,1,50,-31.84487502107784,31.283472565269747,0.8364750620970025,2.4829130494130283,2.5362312194484815,0.05331817003545325
VH_7_OG_MFA_BA,VH_7_OG_MFA_BA__cand_15,VH,MFA_BA,accepted_best,True,2,75,-31.80336197166489,31.682276599319465,0.9905679786264351,3.9486477663486426,2.5362312194484815,-1.412416546900161
VH_7_OG_MFA_BA,VH_7_OG_MFA_BA__cand_15,VH,MFA_BA,accepted_best,True,3,100,-31.91017501507794,32.10948664103501,1.5733135730299934,5.440695624196053,2.5362312194484815,-2.9044644047475714
VH_7_OG_MFA_BA,VH_7_OG_MFA_BA__cand_15,VH,MFA_BA,accepted_best,True,4,125,-31.848461959665094,32.5879327862467,2.2626929171979606,7.356026110825773,2.5362312194484815,-4.819794891377292
VH_7_OG_MFA_BA,VH_7_OG_MFA_BA__cand_15,VH,MFA_BA,accepted_best,True,5,150,-32.0500837126866,33.1664035640077,3.012448967566961,9.160356603455512,2.5362312194484815,-6.62412538400703
VH_7_OG_MFA_BA,VH_7_OG_MFA_BA__cand_15,VH,MFA_BA,accepted_best,True,6,175,-31.64555325605653,33.65109159900563,4.088192316299788,11.654156493956854,2.5362312194484815,-9.117925274508373
