file_id,region,condition,n_candidates,n_accepted,n_eligible,accepted_fraction,all_candidates_eligible,any_accepted,cell_reviewer_facing,holdout_pass_count,best_trace_rmse_mV,best_weighted_pass_fraction,holdout_mean_rmse_mV,holdout_mean_pass_fraction,best_hybrid_stage,best_optuna_trial_number,best_optuna_trial_fraction,optuna_best_scalar_objective,optuna_best_by_25_trials,optuna_best_by_50_trials,optuna_best_by_75_trials,optuna_best_by_100_trials,accepted_seen_by_25_trials,accepted_seen_by_50_trials,accepted_seen_by_75_trials,accepted_seen_by_100_trials,post_refinement_parent_improvement_fraction,post_refinement_mean_delta_scalar_objective,acceptance_failure_main_reason,heldout_failure_mode
1_DH_1_CONTROL,DH,CONTROL,111,2,2,0.018018018018018018,False,True,True,3,7.598614341672754,0.3592140714053211,7.581328705455518,0.3596089913772268,scipy_post,59,0.6,299.8525671888993,726.9670483935756,305.1019944748555,299.8525671888993,299.8525671888993,True,True,True,True,0.3333333333333333,2869.597213254508,accepted_exists,rmse_fail_rows=0; feature_fail_rows=3; failed_sweeps=3
1_DH_2_CONTROL,DH,CONTROL,111,4,4,0.036036036036036036,False,True,True,3,13.977227693028652,0.3592629870825042,13.982361406690702,0.3593400005006864,optuna_seeded,96,0.97,2555.4868982068742,3209.469101044511,2992.6058237196307,2667.257449999061,2555.4868982068742,True,True,True,True,1.0,-42.9579756391316,accepted_exists,rmse_fail_rows=0; feature_fail_rows=3; failed_sweeps=3
1_VH_1_CONTROL,VH,CONTROL,111,4,4,0.036036036036036036,False,True,False,1,6.460123378392464,0.3090362481637552,6.452548930367247,0.3093203980865881,optuna_seeded,32,0.33,1747.2398869657957,2258.4241790058136,1747.2398869657957,1747.2398869657957,1747.2398869657957,False,False,False,True,0.3333333333333333,21.058335817925506,accepted_exists,rmse_fail_rows=0; feature_fail_rows=5; failed_sweeps=5
1_VH_2_CONTROL,VH,CONTROL,111,13,13,0.11711711711711711,False,True,False,1,6.896417008210958,0.3864627003840549,6.917792427006322,0.2972629025202522,optuna_seeded,32,0.33,2021.9909571419237,2614.4239388688247,2021.9909571419237,2021.9909571419237,2021.9909571419237,False,False,False,True,0.0,24.39468693360641,accepted_exists,rmse_fail_rows=0; feature_fail_rows=5; failed_sweeps=5
2_DH_1_CONTROL,DH,CONTROL,111,2,2,0.018018018018018018,False,True,True,3,12.448600024573151,0.3592629849136366,12.449729895697262,0.3592784978311763,optuna_seeded,59,0.6,1603.2157843515563,1982.3372317827304,1884.3324432136385,1603.2157843515563,1603.2157843515563,True,True,True,True,0.6666666666666666,3.1165540542181893,accepted_exists,rmse_fail_rows=0; feature_fail_rows=3; failed_sweeps=3
2_VH_1_CONTROL,VH,CONTROL,111,0,0,0.0,False,False,False,1,17.750486192918853,0.2995732272973441,17.854380234709343,0.2491434398589918,optuna_seeded,24,0.25,2446.492382981119,2446.492382981119,2446.492382981119,2446.492382981119,2446.492382981119,False,False,False,False,1.0,-49.6196718438899,feature,rmse_fail_rows=3; feature_fail_rows=5; failed_sweeps=5
3_DH_1_CONTROL,DH,CONTROL,111,3,3,0.02702702702702703,False,True,True,3,15.033451490435638,0.3592629849136366,15.03473662999395,0.3592932305184015,optuna_seeded,28,0.29,3435.2142553278645,3994.301297884341,3435.2142553278645,3435.2142553278645,3435.2142553278645,True,True,True,True,0.6666666666666666,-0.0844804675089108,accepted_exists,rmse_fail_rows=1; feature_fail_rows=3; failed_sweeps=3
3_DH_2_CONTROL,DH,CONTROL,111,2,2,0.018018018018018018,False,True,True,3,14.757077556565273,0.3592629849136366,14.75816737558676,0.3592785028336003,optuna_seeded,90,0.91,3135.569558837133,3881.900401787545,3509.1790723002828,3213.33364265938,3135.569558837133,True,True,True,True,0.0,4.021433507562809,accepted_exists,rmse_fail_rows=1; feature_fail_rows=3; failed_sweeps=3
3_VH_1_CONTROL,VH,CONTROL,111,0,0,0.0,False,False,False,1,7.4334704215152385,0.2889735383457647,7.433474252631195,0.2889742285847283,optuna_seeded,90,0.91,1790.742443912623,1888.5184963505485,1888.5184963505485,1888.5184963505485,1790.742443912623,False,False,False,False,0.3333333333333333,25.01264727855975,feature,rmse_fail_rows=0; feature_fail_rows=5; failed_sweeps=5
DH_1_CONTROL,DH,CONTROL,111,3,3,0.02702702702702703,False,True,True,3,14.37998457908929,0.3598312687182541,14.379885750991996,0.3598628598328197,optuna_seeded,40,0.41,1627.023008660059,2222.4056281703283,1627.023008660059,1627.023008660059,1627.023008660059,True,True,True,True,1.0,-61.89604139501224,accepted_exists,rmse_fail_rows=1; feature_fail_rows=3; failed_sweeps=3
DH_1_MFA,DH,MFA,111,111,111,1.0,True,True,True,6,6.612076131214443,0.4243595874860515,5.002370704090611,0.3528956730180694,scipy_post,81,0.82,1078.4530173142616,1263.193202349191,1138.7671933502768,1079.786076069408,1078.4530173142616,True,True,True,True,0.6666666666666666,-0.03944289202672735,accepted_exists,none
DH_1_MFA_BA,DH,MFA_BA,111,110,110,0.990990990990991,False,True,True,6,9.2903736093772,0.5002343326983888,9.290373597988715,0.5002343324077609,optuna_seeded,96,0.97,658.8919241872492,688.1824561650844,679.5507206578142,660.7820282385719,658.8919241872492,True,True,True,True,0.3333333333333333,0.004220342699113644,accepted_exists,none
DH_2_CONTROL,DH,CONTROL,111,1,1,0.009009009009009009,False,True,True,3,6.691091388914987,0.3205460241541799,6.680108984440455,0.3200100880015195,optuna_seeded,85,0.86,2217.660829495745,2706.057054970528,2353.610324833692,2320.14340732566,2217.660829495745,False,True,True,True,1.0,-31.016207449954738,accepted_exists,rmse_fail_rows=0; feature_fail_rows=3; failed_sweeps=3
DH_2_MFA,DH,MFA,111,105,105,0.9459459459459459,False,True,True,6,6.531705655214541,0.4039584588384186,6.514858125927517,0.4034658048643297,optuna_seeded,68,0.69,551.4263165350287,635.5609200489582,567.4384293019582,551.4263165350287,551.4263165350287,True,True,True,True,0.6666666666666666,-0.0070479475315323725,accepted_exists,none
DH_2_MFA_BA,DH,MFA_BA,111,111,111,1.0,True,True,True,6,4.77898306267596,0.5002343326983888,4.7789830521136345,0.5002343324077609,optuna_seeded,13,0.14,348.4186573066093,348.4186573066093,348.4186573066093,348.4186573066093,348.4186573066093,True,True,True,True,0.0,0.0652348420470048,accepted_exists,none
DH_3_MFA,DH,MFA,111,111,111,1.0,True,True,True,6,5.1738325931057805,0.3999937647234321,5.174060065392665,0.4000036341686446,optuna_seeded,84,0.85,345.49417205698256,376.8618871089416,364.88349596115927,351.9514149742133,345.49417205698256,True,True,True,True,0.0,8.973793728728197e-05,accepted_exists,none
DH_3_MFA_BA,DH,MFA_BA,111,111,111,1.0,True,True,True,6,3.6648485637389294,0.6539194370885316,3.664848557554818,0.6539198194098773,optuna_seeded,84,0.85,160.94592541575375,283.46561871328475,192.0013876061275,190.83275820385853,160.94592541575375,True,True,True,True,0.3333333333333333,13.715515566325024,accepted_exists,none
DH_4_MFA,DH,MFA,111,105,105,0.9459459459459459,False,True,True,6,6.987205761191735,0.407066898141559,6.708083239584087,0.4028785587054139,optuna_seeded,48,0.49,1269.0439996866226,1484.3155127624348,1269.0439996866226,1269.0439996866226,1269.0439996866226,True,True,True,True,0.0,493.71682545745426,accepted_exists,none
DH_4_MFA_BA,DH,MFA_BA,111,111,111,1.0,True,True,True,6,5.7407085435306975,0.501154708041544,5.747983450966527,0.5011547091449916,optuna_seeded,98,0.99,710.5381561742211,805.7535615541968,805.7535615541968,758.6208324817457,710.5381561742211,True,True,True,True,0.3333333333333333,9.809981340379787,accepted_exists,none
DH_5_MFA,DH,MFA,111,111,111,1.0,True,True,True,6,7.721973853652833,0.3999937647234321,7.72208158024421,0.3999992487855623,optuna_seeded,76,0.77,1386.345431253897,1509.5065691231566,1403.5396288180566,1391.3438518259798,1386.345431253897,True,True,True,True,0.0,0.037360003641272975,accepted_exists,none
DH_5_MFA_BA,DH,MFA_BA,111,109,109,0.9819819819819819,False,True,True,6,7.756491796912903,0.6539194370885316,7.756491791800969,0.6539205914599983,scipy_post,74,0.75,535.3838698534709,636.056650333905,636.056650333905,535.3838698534709,535.3838698534709,True,True,True,True,0.3333333333333333,0.20479808483942938,accepted_exists,none
DH_6_MFA,DH,MFA,111,110,110,0.990990990990991,False,True,True,6,6.095703691089766,0.4120279411059476,5.750019158511894,0.4041954131080984,optuna_seeded,22,0.23,342.5152341832115,342.5152341832115,342.5152341832115,342.5152341832115,342.5152341832115,True,True,True,True,0.6666666666666666,-3.04140443555904e-06,accepted_exists,none
DH_6_MFA_BA,DH,MFA_BA,111,110,110,0.990990990990991,False,True,True,6,6.93457064559709,0.5002343326983888,6.934570635221192,0.5002343324077609,scipy_post,80,0.81,362.5929931562123,388.2844421675954,376.15999962097567,364.98358188307895,362.5929931562123,True,True,True,True,0.6666666666666666,-0.035183346730984034,accepted_exists,none
VH_1_MFA,VH,MFA,111,0,0,0.0,False,False,False,0,0.7655887192316878,0.2857142857142856,0.7655753356989933,0.2857142857142856,optuna_seeded,87,0.88,195.72123026691256,222.6921854789508,222.6921854789508,215.5258264252693,195.72123026691256,False,False,False,False,0.0,0.1330754697542981,feature,rmse_fail_rows=0; feature_fail_rows=6; failed_sweeps=6
VH_1_MFA_BA,VH,MFA_BA,111,105,105,0.9459459459459459,False,True,True,6,2.8081588852331123,0.5187766904744362,2.8081588852331123,0.5187766904744362,optuna_seeded,67,0.68,178.464783455609,298.417066291451,190.72981988348835,178.464783455609,178.464783455609,True,True,True,True,0.3333333333333333,1.9833878664846907,accepted_exists,none
VH_2_MFA,VH,MFA,111,0,0,0.0,False,False,False,0,0.9630721023377826,0.2857142857142856,0.9853016522930416,0.2857142857142856,optuna_seeded,46,0.47,283.341340531916,316.3702801049328,283.341340531916,283.341340531916,283.341340531916,False,False,False,False,0.6666666666666666,-0.021897279867156765,feature,rmse_fail_rows=0; feature_fail_rows=6; failed_sweeps=6
VH_2_MFA_BA,VH,MFA_BA,111,110,110,0.990990990990991,False,True,True,6,4.028481856572046,0.675987803339035,4.0284818597053125,0.6759875065079649,optuna_seeded,63,0.64,270.7303509620036,366.4125267943815,279.0725339135853,270.7303509620036,270.7303509620036,True,True,True,True,1.0,-0.00034185767295487796,accepted_exists,none
VH_3_MFA,VH,MFA,111,6,6,0.05405405405405406,False,True,False,2,7.4042062955716,0.3069932440052002,7.583400414156981,0.3037071161362152,optuna_seeded,99,1.0,861.2115005020967,1166.0745686986993,864.0565038449718,864.0565038449718,861.2115005020967,False,True,True,True,0.0,0.015003754209108896,accepted_exists,rmse_fail_rows=0; feature_fail_rows=4; failed_sweeps=4
VH_3_MFA_BA,VH,MFA_BA,111,109,109,0.9819819819819819,False,True,True,6,2.979300474876565,0.519781104306976,3.4552369572996446,0.5136404185316029,optuna_seeded,82,0.83,245.2748192115648,455.7310554687781,334.5765564666136,334.5765564666136,245.2748192115648,True,True,True,True,0.6666666666666666,-0.005882587671616572,accepted_exists,none
VH_4_MFA,VH,MFA,111,0,0,0.0,False,False,False,0,1.0975389846852337,0.2857142857142856,1.0965043820883482,0.2857142857142856,scipy_post,86,0.87,330.8103371595791,349.6988888956069,347.5730545711687,333.78325315491975,330.8103371595791,False,False,False,False,0.3333333333333333,-3.0443192596858544,feature,rmse_fail_rows=0; feature_fail_rows=6; failed_sweeps=6
VH_4_MFA_BA,VH,MFA_BA,111,103,103,0.9279279279279279,False,True,True,6,3.3269272482259318,0.6801542227748391,3.3269272482252155,0.6801542227748142,optuna_seeded,30,0.31,211.54481740669624,244.818927254298,211.54481740669624,211.54481740669624,211.54481740669624,True,True,True,True,0.3333333333333333,-11.489455978404512,accepted_exists,none
VH_5_MFA,VH,MFA,111,0,0,0.0,False,False,False,0,1.012581350006182,0.2857142857142856,1.0121597566656242,0.2857142857142856,optuna_seeded,42,0.43,243.76694654613155,300.9705361880694,243.76694654613155,243.76694654613155,243.76694654613155,False,False,False,False,0.3333333333333333,0.036399711694571124,feature,rmse_fail_rows=0; feature_fail_rows=6; failed_sweeps=6
VH_5_MFA_BA,VH,MFA_BA,111,107,107,0.963963963963964,False,True,True,6,4.789063920279836,0.675987803339035,4.789063930386355,0.6759878585671723,optuna_seeded,71,0.72,278.74385873222866,481.35145512768014,299.38337739122755,278.74385873222866,278.74385873222866,True,True,True,True,0.3333333333333333,-4.01158075078456e-05,accepted_exists,none
VH_6_MFA,VH,MFA,111,2,2,0.018018018018018018,False,True,False,0,15.538390252537395,0.3482425751582267,1.0740724555908916,0.2857142857142856,optuna_seeded,96,0.97,142.06546653782576,164.06458533653316,164.06458533653316,164.06458533653316,142.06546653782576,False,True,True,True,0.3333333333333333,0.0002651922294963545,accepted_exists,rmse_fail_rows=0; feature_fail_rows=6; failed_sweeps=6
VH_6_MFA_BA,VH,MFA_BA,111,109,109,0.9819819819819819,False,True,True,6,1.2590276777575151,0.520049704856543,1.8740992526323503,0.5,scipy_post,87,0.88,126.70435821138524,132.541176406706,132.541176406706,132.541176406706,126.70435821138524,True,True,True,True,1.0,-0.3537798159330663,accepted_exists,none
VH_7_OG_MFA,VH,MFA,111,0,0,0.0,False,False,False,3,21.992685352461404,0.3149139933993827,4.153470539872505,0.314987933415905,optuna_seeded,71,0.72,218.3972493411283,234.9533173059004,234.9533173059004,218.3972493411283,218.3972493411283,False,False,False,False,0.0,0.39338120311602626,trace_and_feature,rmse_fail_rows=0; feature_fail_rows=3; failed_sweeps=3
VH_7_OG_MFA_BA,VH,MFA_BA,111,98,98,0.8828828828828829,False,True,True,6,4.369409920477477,0.5046372475552598,4.373827677778654,0.5020743828718134,optuna_seeded,89,0.9,158.71471353523276,204.0729183356171,182.0084032773164,177.0978046935666,158.71471353523276,True,True,True,True,0.3333333333333333,-10530.150876625741,accepted_exists,none
