condition,region,sweep,feature,n_total_rows,n_non_missing,missing_rate,median,q1,q3,iqr,acceptable_lower,acceptable_upper,threshold_scope,reliability_weight
ALL,ALL,1,decay_slope_mV_per_s,37,37,0.0,2.922874386239872,1.509511968520735,5.277589167957162,3.768077199436427,-4.142603830633906,10.929704967111803,global_pooled,0.9666666666666667
ALL,ALL,1,decay_tau_s,37,37,0.0,0.6942316638176607,0.42544023502824757,0.9100378853801132,0.48459765035186564,-0.3014562404995509,1.6369343609079117,global_pooled,0.9666666666666667
ALL,ALL,1,peak_depolarization_mV,37,37,0.0,6.350311999999995,5.498628000000004,7.807636000000009,2.3090080000000057,2.035115999999995,11.271148000000018,global_pooled,0.48333333333333334
ALL,ALL,1,plateau_slope_mV_per_s,37,37,0.0,0.006034779127810189,-0.022732209309226484,0.02485236122358455,0.04758457053281104,-0.09410906510844304,0.0962292170228011,global_pooled,0.9666666666666667
ALL,ALL,1,return_slope_mV_per_s,37,22,0.4054054054054054,0.031448014735672186,0.022217118612086,0.03789260989736664,0.01567549128528064,-0.0012961183158349578,0.0614058468252876,global_pooled,0.6533068783068783
ALL,ALL,1,rise_slope_mV_per_s,37,37,0.0,2.462671293459547,0.8051777756028161,4.389184303596164,3.584006527993348,-4.570832016387206,9.765194095586185,global_pooled,0.9666666666666667
ALL,ALL,1,rise_tau_s,37,37,0.0,0.8547013624454216,0.5195148379096537,1.866750567685589,1.3472357297759352,-1.501338756754249,3.8876041623494917,global_pooled,0.9666666666666667
ALL,ALL,1,stim_end_depolarization_mV,37,37,0.0,6.045499999999997,5.139099999999999,7.400500000000001,2.261400000000002,1.7469999999999963,10.792600000000004,global_pooled,0.48333333333333334
ALL,ALL,1,undershoot_magnitude_mV,37,37,0.0,0.24932800000000555,0.0,0.7659919999999971,0.7659919999999971,-1.1489879999999957,1.9149799999999928,global_pooled,0.9666666666666667
ALL,ALL,2,decay_slope_mV_per_s,37,37,0.0,4.2468874218192765,2.2864378031013954,7.999474863545286,5.713037060443891,-6.28311778756444,16.569030454211124,global_pooled,0.9666666666666667
ALL,ALL,2,decay_tau_s,37,37,0.0,0.6000469407540336,0.4381925244147169,0.8729465130894525,0.4347539886747356,-0.21393845859738647,1.5250774961015559,global_pooled,0.9666666666666667
ALL,ALL,2,peak_depolarization_mV,37,37,0.0,9.944432000000006,8.258496000000008,11.981176000000005,3.722679999999997,2.6744760000000127,17.565196,global_pooled,0.48333333333333334
ALL,ALL,2,plateau_slope_mV_per_s,37,37,0.0,-0.001368775846204073,-0.027563073349078752,0.036593223179977305,0.06415629652905605,-0.12379751814266282,0.13282766797356138,global_pooled,0.9666666666666667
ALL,ALL,2,return_slope_mV_per_s,37,24,0.3513513513513513,0.03744783631747657,0.02373595659265298,0.049514397343901756,0.025778440751248775,-0.014931704534220182,0.08818205847077493,global_pooled,0.6533068783068783
ALL,ALL,2,rise_slope_mV_per_s,37,37,0.0,3.7333102391170576,1.3926511988163928,7.1599566529067316,5.767305454090339,-7.258306982319115,15.81091483404224,global_pooled,0.9666666666666667
ALL,ALL,2,rise_tau_s,37,37,0.0,0.823941273124543,0.45166049192100743,1.819944986512521,1.3682844945915136,-1.600766249966263,3.8723717283997914,global_pooled,0.9666666666666667
ALL,ALL,2,stim_end_depolarization_mV,37,37,0.0,9.686300000000003,8.117699999999992,11.773700000000005,3.656000000000013,2.6336999999999726,17.257700000000025,global_pooled,0.48333333333333334
ALL,ALL,2,undershoot_magnitude_mV,37,37,0.0,0.2388079999999917,0.0,0.975836000000001,0.975836000000001,-1.4637540000000016,2.4395900000000026,global_pooled,0.9666666666666667
ALL,ALL,3,decay_slope_mV_per_s,37,37,0.0,6.046020229111822,3.369678734322155,11.008431312975718,7.638752578653563,-8.088450133658188,22.466560180956062,global_pooled,0.9666666666666667
ALL,ALL,3,decay_tau_s,37,37,0.0,0.5281403514644367,0.4265781142857108,0.8783855440048072,0.4518074297190964,-0.25113303029293377,1.5560966885834517,global_pooled,0.9666666666666667
ALL,ALL,3,peak_depolarization_mV,37,37,0.0,13.202260000000003,10.677724000000005,15.576211999999998,4.898487999999993,3.329992000000015,22.923943999999988,global_pooled,0.48333333333333334
ALL,ALL,3,plateau_slope_mV_per_s,37,37,0.0,0.013812213469152118,-0.030493433299714514,0.05682100435808598,0.08731443765780049,-0.16146508978641524,0.1877926608447867,global_pooled,0.9666666666666667
ALL,ALL,3,return_slope_mV_per_s,37,25,0.32432432432432434,0.033899287108931545,0.02904196699499771,0.04760027107334688,0.018558304078349165,0.001204510877473964,0.07543772719087062,global_pooled,0.6533068783068783
ALL,ALL,3,rise_slope_mV_per_s,37,37,0.0,5.777073510586792,1.9016818466317604,10.459455285022155,8.557773438390395,-10.934978310953833,23.29611544260775,global_pooled,0.9666666666666667
ALL,ALL,3,rise_tau_s,37,37,0.0,0.7829134689655177,0.419763371403274,1.7201109713349716,1.3003475999316976,-1.5307580284942723,3.670632371232518,global_pooled,0.9666666666666667
ALL,ALL,3,stim_end_depolarization_mV,37,37,0.0,12.683199999999996,10.101299999999995,15.502999999999993,5.401699999999998,1.9987499999999976,23.60554999999999,global_pooled,0.48333333333333334
ALL,ALL,3,undershoot_magnitude_mV,37,37,0.0,0.40499600000000413,0.0,1.1033439999999999,1.1033439999999999,-1.6550159999999998,2.7583599999999997,global_pooled,0.9666666666666667
ALL,ALL,4,decay_slope_mV_per_s,37,37,0.0,7.649048115164698,4.0760468914102805,12.761279727843698,8.685232836433418,-8.951802363239846,25.789128982493825,global_pooled,0.9666666666666667
ALL,ALL,4,decay_tau_s,37,37,0.0,0.5879047527579502,0.4285950393013138,0.8225442263588931,0.3939491870575793,-0.16232874128505514,1.413468006945262,global_pooled,0.9666666666666667
ALL,ALL,4,peak_depolarization_mV,37,37,0.0,16.480336000000015,12.636004000000007,19.23064,6.594635999999994,2.7440500000000156,29.122593999999992,global_pooled,0.48333333333333334
ALL,ALL,4,plateau_slope_mV_per_s,37,37,0.0,0.01642270049268644,-0.022691927730063795,0.06503097286913562,0.0877229005991994,-0.1542762786288629,0.19661532376793472,global_pooled,0.9666666666666667
ALL,ALL,4,return_slope_mV_per_s,37,28,0.2432432432432432,0.04969358665713187,0.033382528295383615,0.07692251266792939,0.043539984372545776,-0.03192744826343505,0.14223248922674805,global_pooled,0.6533068783068783
ALL,ALL,4,rise_slope_mV_per_s,37,37,0.0,8.121504934939772,2.6252026904433485,13.205899909534473,10.580697219091125,-13.245843138193338,29.076945738171162,global_pooled,0.9666666666666667
ALL,ALL,4,rise_tau_s,37,37,0.0,0.7196215722543364,0.3856569244019141,1.6088002622950768,1.2231433378931627,-1.4490580824378299,3.4435152691348208,global_pooled,0.9666666666666667
ALL,ALL,4,stim_end_depolarization_mV,37,37,0.0,15.7348,12.319999999999993,19.180300000000003,6.860300000000009,2.029549999999979,29.470750000000017,global_pooled,0.48333333333333334
ALL,ALL,4,undershoot_magnitude_mV,37,37,0.0,0.7390200000000036,0.019632000000001426,1.8611240000000038,1.8414920000000023,-2.742606000000002,4.623362000000007,global_pooled,0.9666666666666667
ALL,ALL,5,decay_slope_mV_per_s,37,37,0.0,8.829175328056044,4.496351569925358,13.54921080068364,9.052859230758283,-9.082937276212068,27.128499646821066,global_pooled,0.9666666666666667
ALL,ALL,5,decay_tau_s,37,37,0.0,0.5849147497590792,0.42973644701348945,0.8544215819209029,0.42468513490741344,-0.2072912553476307,1.491449284282023,global_pooled,0.9666666666666667
ALL,ALL,5,peak_depolarization_mV,37,37,0.0,19.937735999999994,15.455352000000008,22.597644000000024,7.142292000000015,4.741913999999985,33.31108200000005,global_pooled,0.48333333333333334
ALL,ALL,5,plateau_slope_mV_per_s,37,37,0.0,0.019653679681918574,-0.020418987346212145,0.07952318111329124,0.09994216845950338,-0.1703322400354672,0.2294364338025463,global_pooled,0.9666666666666667
ALL,ALL,5,return_slope_mV_per_s,37,27,0.2702702702702703,0.05400296854070901,0.03331969170064929,0.07672528672395125,0.04340559502330196,-0.03178870083430366,0.1418336792589042,global_pooled,0.6533068783068783
ALL,ALL,5,rise_slope_mV_per_s,37,37,0.0,10.07451543228777,3.408134594597163,18.779117624118523,15.37098302952136,-19.648339949684875,41.83559216840057,global_pooled,0.9666666666666667
ALL,ALL,5,rise_tau_s,37,37,0.0,0.6855065885057456,0.3591662854845197,1.5846279899244315,1.2254617044399119,-1.4790262711753481,3.4228205465842994,global_pooled,0.9666666666666667
ALL,ALL,5,stim_end_depolarization_mV,37,37,0.0,19.561799999999998,15.206899999999997,22.55250000000001,7.345600000000012,4.18849999999998,33.57090000000002,global_pooled,0.48333333333333334
ALL,ALL,5,undershoot_magnitude_mV,37,37,0.0,0.8785079999999965,0.0017439999999950828,2.111532000000018,2.109788000000023,-3.1629380000000396,5.276214000000053,global_pooled,0.9666666666666667
ALL,ALL,6,decay_slope_mV_per_s,37,37,0.0,10.932170268650083,5.14578292849982,14.93256701680114,9.78678408830132,-9.534393203952161,29.61274314925312,global_pooled,0.9666666666666667
ALL,ALL,6,decay_tau_s,37,37,0.0,0.6319385518434188,0.3822792695139938,0.89598606779861,0.5137067982846162,-0.38828092791293045,1.6665462652255343,global_pooled,0.9666666666666667
ALL,ALL,6,peak_depolarization_mV,37,37,0.0,22.542744,18.19704799999998,25.777022000000002,7.579974000000021,6.827086999999949,37.146983000000034,global_pooled,0.48333333333333334
ALL,ALL,6,plateau_slope_mV_per_s,37,37,0.0,0.010948216292992226,-0.0291345110927944,0.09324802819579908,0.12238253928859348,-0.21270832002568463,0.2768218371286893,global_pooled,0.9666666666666667
ALL,ALL,6,return_slope_mV_per_s,37,24,0.3513513513513513,0.06332495467727586,0.032549898071162556,0.0777887530734102,0.04523885500224764,-0.035308384432208906,0.14564703557678166,global_pooled,0.6533068783068783
ALL,ALL,6,rise_slope_mV_per_s,37,37,0.0,12.536234635913516,4.599957489348146,20.904026917564686,16.30406942821654,-19.856146652976665,45.3601310598895,global_pooled,0.9666666666666667
ALL,ALL,6,rise_tau_s,37,37,0.0,0.6129092229024131,0.3462481819542127,1.4780253395696903,1.1317771576154776,-1.3514175544690037,3.1756910759929067,global_pooled,0.9666666666666667
ALL,ALL,6,stim_end_depolarization_mV,37,37,0.0,22.1558,17.437800000000003,25.711049999999993,8.27324999999999,5.0279250000000175,38.12092499999998,global_pooled,0.48333333333333334
ALL,ALL,6,undershoot_magnitude_mV,37,37,0.0,1.0158800000000028,0.0,1.9682519999999926,1.9682519999999926,-2.952377999999989,4.920629999999981,global_pooled,0.9666666666666667
