group,sweep,feature,n,mean,median,std,min,q1,q3,max,iqr,ci95_low,ci95_high,acceptable_low_q1,acceptable_high_q3,acceptable_low_ci95,acceptable_high_ci95
pooled,1,peak_depolarization_mV,9,7.1331,7.3083,0.942,5.5818,6.388,7.6025,8.6889,1.2146,6.4091,7.8572,6.388,7.6025,6.4091,7.8572
T,1,peak_depolarization_mV,5,7.5547,7.6025,0.8346,6.388,7.2864,7.8076,8.6889,0.5212,6.5185,8.5909,7.2864,7.8076,6.5185,8.5909
VH,1,peak_depolarization_mV,4,6.6062,6.738,0.8781,5.5818,6.0212,7.3229,7.367,1.3017,5.2089,8.0035,6.0212,7.3229,5.2089,8.0035
pooled,1,rise_slope_mV_per_s,9,6.9449,6.5183,2.5914,3.8319,4.4107,9.2764,10.5347,4.8657,4.953,8.9368,4.4107,9.2764,4.953,8.9368
T,1,rise_slope_mV_per_s,5,8.9232,9.2764,1.4712,6.5183,8.9771,9.3095,10.5347,0.3324,7.0965,10.7499,8.9771,9.3095,7.0965,10.7499
VH,1,rise_slope_mV_per_s,4,4.472,4.4,0.5873,3.8319,4.25,4.622,5.2559,0.372,3.5374,5.4065,4.25,4.622,3.5374,5.4065
pooled,1,rise_tau_s,9,0.3694,0.31,0.1124,0.246,0.295,0.476,0.541,0.181,0.283,0.4558,0.295,0.476,0.283,0.4558
T,1,rise_tau_s,5,0.282,0.295,0.0298,0.246,0.254,0.305,0.31,0.051,0.2449,0.3191,0.254,0.305,0.2449,0.3191
VH,1,rise_tau_s,4,0.4787,0.4895,0.0619,0.395,0.4557,0.5125,0.541,0.0568,0.3803,0.5772,0.4557,0.5125,0.3803,0.5772
pooled,1,plateau_slope_mV_per_s,9,-0.0294,-0.0214,0.0174,-0.0534,-0.0478,-0.0156,-0.0112,0.0321,-0.0427,-0.016,-0.0478,-0.0156,-0.0427,-0.016
T,1,plateau_slope_mV_per_s,5,-0.0338,-0.0311,0.016,-0.0525,-0.0478,-0.0214,-0.0161,0.0264,-0.0536,-0.014,-0.0478,-0.0214,-0.0536,-0.014
VH,1,plateau_slope_mV_per_s,4,-0.0239,-0.0154,0.0198,-0.0534,-0.0251,-0.0142,-0.0112,0.0109,-0.0554,0.0076,-0.0251,-0.0142,-0.0554,0.0076
pooled,1,decay_slope_mV_per_s,9,8.8551,9.3831,3.2193,4.838,5.9674,11.4218,13.3693,5.4543,6.3805,11.3297,5.9674,11.4218,6.3805,11.3297
T,1,decay_slope_mV_per_s,5,11.4006,11.4218,1.5026,9.3831,10.6782,12.1503,13.3693,1.4721,9.5349,13.2662,10.6782,12.1503,9.5349,13.2662
VH,1,decay_slope_mV_per_s,4,5.6733,5.8696,0.5745,4.838,5.5383,6.0046,6.1162,0.4664,4.7592,6.5875,5.5383,6.0046,4.7592,6.5875
pooled,1,decay_tau_s,9,0.2761,0.265,0.0821,0.17,0.223,0.345,0.398,0.122,0.213,0.3392,0.223,0.345,0.213,0.3392
T,1,decay_tau_s,5,0.2378,0.236,0.0328,0.192,0.223,0.265,0.273,0.042,0.1971,0.2785,0.223,0.265,0.1971,0.2785
VH,1,decay_tau_s,4,0.324,0.364,0.1051,0.17,0.3012,0.3868,0.398,0.0855,0.1568,0.4912,0.3012,0.3868,0.1568,0.4912
pooled,1,undershoot_magnitude_mV,9,0.948,1.084,0.6226,0.0,0.766,1.322,1.731,0.556,0.4694,1.4266,0.766,1.322,0.4694,1.4266
T,1,undershoot_magnitude_mV,5,1.383,1.322,0.2807,1.084,1.1645,1.6138,1.731,0.4492,1.0345,1.7316,1.1645,1.6138,1.0345,1.7316
VH,1,undershoot_magnitude_mV,4,0.4043,0.383,0.4681,0.0,0.0,0.7873,0.8511,0.7873,-0.3406,1.1491,0.0,0.7873,-0.3406,1.1491
pooled,1,return_slope_mV_per_s,9,0.031,0.0318,0.0091,0.0132,0.0299,0.0363,0.0428,0.0064,0.024,0.0379,0.0299,0.0363,0.024,0.0379
T,1,return_slope_mV_per_s,5,0.0303,0.0318,0.0062,0.0204,0.0299,0.0318,0.0376,0.002,0.0225,0.038,0.0299,0.0318,0.0225,0.038
VH,1,return_slope_mV_per_s,4,0.0318,0.0356,0.0129,0.0132,0.0295,0.0379,0.0428,0.0084,0.0113,0.0523,0.0295,0.0379,0.0113,0.0523
pooled,2,peak_depolarization_mV,9,10.6561,10.6458,1.3585,8.7327,9.5508,11.9812,12.6293,2.4304,9.6118,11.7003,9.5508,11.9812,9.6118,11.7003
T,2,peak_depolarization_mV,5,11.1758,11.0718,1.1931,9.5508,10.6458,11.9812,12.6293,1.3354,9.6944,12.6572,10.6458,11.9812,9.6944,12.6572
VH,2,peak_depolarization_mV,4,10.0064,9.6302,1.418,8.7327,9.3286,10.308,12.0326,0.9794,7.7501,12.2627,9.3286,10.308,7.7501,12.2627
pooled,2,rise_slope_mV_per_s,9,11.5765,13.2344,4.0535,6.7284,7.8705,15.5937,15.9689,7.7232,8.4608,14.6923,7.8705,15.5937,8.4608,14.6923
T,2,rise_slope_mV_per_s,5,14.8983,15.5937,1.195,13.2344,14.0384,15.6562,15.9689,1.6178,13.4145,16.3821,14.0384,15.6562,13.4145,16.3821
VH,2,rise_slope_mV_per_s,4,7.4243,7.3778,0.7295,6.7284,6.846,7.9562,8.2132,1.1102,6.2635,8.5851,6.846,7.9562,6.2635,8.5851
pooled,2,rise_tau_s,9,0.3282,0.267,0.0999,0.228,0.235,0.42,0.45,0.185,0.2515,0.405,0.235,0.42,0.2515,0.405
T,2,rise_tau_s,5,0.2452,0.235,0.0187,0.228,0.232,0.264,0.267,0.032,0.2219,0.2685,0.232,0.264,0.2219,0.2685
VH,2,rise_tau_s,4,0.432,0.431,0.0166,0.416,0.419,0.444,0.45,0.025,0.4056,0.4584,0.419,0.444,0.4056,0.4584
pooled,2,plateau_slope_mV_per_s,9,-0.0265,-0.0286,0.0369,-0.0918,-0.0409,-0.0068,0.0396,0.0341,-0.0549,0.0018,-0.0409,-0.0068,-0.0549,0.0018
T,2,plateau_slope_mV_per_s,5,-0.0385,-0.0409,0.0377,-0.0918,-0.0546,-0.0068,0.0014,0.0478,-0.0854,0.0083,-0.0546,-0.0068,-0.0854,0.0083
VH,2,plateau_slope_mV_per_s,4,-0.0116,-0.0254,0.0345,-0.0351,-0.0302,-0.0067,0.0396,0.0235,-0.0665,0.0434,-0.0302,-0.0067,-0.0665,0.0434
pooled,2,decay_slope_mV_per_s,9,12.503,11.347,4.5421,6.5903,9.5897,15.6952,18.7274,6.1055,9.0116,15.9943,9.5897,15.6952,9.0116,15.9943
T,2,decay_slope_mV_per_s,5,15.7344,15.6952,3.012,11.347,14.5732,18.329,18.7274,3.7557,11.9944,19.4743,14.5732,18.329,11.9944,19.4743
VH,2,decay_slope_mV_per_s,4,8.4637,8.3312,1.9395,6.5903,6.9521,9.8428,10.6022,2.8907,5.3775,11.55,6.9521,9.8428,5.3775,11.55
pooled,2,decay_tau_s,9,0.2973,0.291,0.0784,0.2,0.227,0.342,0.439,0.115,0.2371,0.3576,0.227,0.342,0.2371,0.3576
T,2,decay_tau_s,5,0.2438,0.227,0.0396,0.2,0.221,0.28,0.291,0.059,0.1947,0.2929,0.221,0.28,0.1947,0.2929
VH,2,decay_tau_s,4,0.3642,0.36,0.0596,0.298,0.331,0.3933,0.439,0.0623,0.2694,0.4591,0.331,0.3933,0.2694,0.4591
pooled,2,undershoot_magnitude_mV,9,1.4805,1.3781,0.5527,0.6664,0.9758,2.0215,2.085,1.0457,1.0556,1.9053,0.9758,2.0215,1.0556,1.9053
T,2,undershoot_magnitude_mV,5,1.7466,2.0215,0.6073,0.6664,1.9103,2.0496,2.085,0.1392,0.9925,2.5007,1.9103,2.0496,0.9925,2.5007
VH,2,undershoot_magnitude_mV,4,1.1479,1.152,0.2395,0.9092,0.9592,1.3407,1.3781,0.3815,0.7667,1.529,0.9592,1.3407,0.7667,1.529
pooled,2,return_slope_mV_per_s,9,0.0429,0.0423,0.0114,0.0216,0.0386,0.0472,0.0604,0.0086,0.0341,0.0516,0.0386,0.0472,0.0341,0.0516
T,2,return_slope_mV_per_s,5,0.0453,0.0472,0.0154,0.0216,0.0408,0.0567,0.0604,0.0159,0.0263,0.0644,0.0408,0.0567,0.0263,0.0644
VH,2,return_slope_mV_per_s,4,0.0398,0.0404,0.0031,0.036,0.0379,0.0423,0.0424,0.0043,0.0349,0.0447,0.0379,0.0423,0.0349,0.0447
pooled,3,peak_depolarization_mV,9,13.865,14.0393,1.7556,11.2097,13.0976,14.8506,16.7053,1.753,12.5155,15.2145,13.0976,14.8506,12.5155,15.2145
T,3,peak_depolarization_mV,5,14.3718,14.3286,2.062,11.2097,14.0393,15.5762,16.7053,1.5369,11.8116,16.9321,14.0393,15.5762,11.8116,16.9321
VH,3,peak_depolarization_mV,4,13.2314,13.1499,1.2598,11.7753,12.767,13.6143,14.8506,0.8473,11.2269,15.236,12.767,13.6143,11.2269,15.236
pooled,3,rise_slope_mV_per_s,9,16.4606,16.5661,5.42,9.8647,11.8352,21.5339,22.9363,9.6987,12.2944,20.6268,11.8352,21.5339,12.2944,20.6268
T,3,rise_slope_mV_per_s,5,20.7136,21.5339,2.6532,16.5661,19.7274,22.8042,22.9363,3.0768,17.4192,24.008,19.7274,22.8042,17.4192,24.008
VH,3,rise_slope_mV_per_s,4,11.1443,11.27,1.0591,9.8647,10.4948,11.9196,12.1726,1.4248,9.459,12.8297,10.4948,11.9196,9.459,12.8297
pooled,3,rise_tau_s,9,0.2986,0.247,0.089,0.215,0.223,0.391,0.428,0.168,0.2301,0.367,0.223,0.391,0.2301,0.367
T,3,rise_tau_s,5,0.2268,0.223,0.0131,0.215,0.217,0.232,0.247,0.015,0.2106,0.243,0.217,0.232,0.2106,0.243
VH,3,rise_tau_s,4,0.3882,0.396,0.04,0.333,0.3765,0.4077,0.428,0.0312,0.3246,0.4519,0.3765,0.4077,0.3246,0.4519
pooled,3,plateau_slope_mV_per_s,9,-0.0249,-0.0294,0.0287,-0.0639,-0.0457,0.0088,0.0136,0.0545,-0.0469,-0.0028,-0.0457,0.0088,-0.0469,-0.0028
T,3,plateau_slope_mV_per_s,5,-0.0267,-0.0457,0.0359,-0.0639,-0.0478,0.0101,0.0136,0.0579,-0.0714,0.0179,-0.0478,0.0101,-0.0714,0.0179
VH,3,plateau_slope_mV_per_s,4,-0.0225,-0.0294,0.0215,-0.0402,-0.0321,-0.0198,0.0088,0.0123,-0.0567,0.0117,-0.0321,-0.0198,-0.0567,0.0117
pooled,3,decay_slope_mV_per_s,9,16.6598,14.0703,6.0925,9.9394,12.6464,19.9047,27.997,7.2583,11.9767,21.3429,12.6464,19.9047,11.9767,21.3429
T,3,decay_slope_mV_per_s,5,20.5608,19.9047,5.3543,13.5845,18.3942,22.9234,27.997,4.5292,13.9126,27.209,18.3942,22.9234,13.9126,27.209
VH,3,decay_slope_mV_per_s,4,11.7836,11.5624,1.9217,9.9394,10.3436,13.0024,14.0703,2.6589,8.7258,14.8415,10.3436,13.0024,8.7258,14.8415
pooled,3,decay_tau_s,9,0.3026,0.287,0.0773,0.176,0.259,0.341,0.425,0.082,0.2431,0.362,0.259,0.341,0.2431,0.362
T,3,decay_tau_s,5,0.2478,0.259,0.0451,0.176,0.235,0.282,0.287,0.047,0.1918,0.3038,0.235,0.282,0.1918,0.3038
VH,3,decay_tau_s,4,0.371,0.365,0.0444,0.329,0.338,0.398,0.425,0.06,0.3004,0.4416,0.338,0.398,0.3004,0.4416
pooled,3,undershoot_magnitude_mV,9,1.5029,1.6032,0.7674,0.3138,0.7726,1.9604,2.5573,1.1878,0.913,2.0927,0.7726,1.9604,0.913,2.0927
T,3,undershoot_magnitude_mV,5,1.7976,1.9604,0.8767,0.3138,1.8421,2.3144,2.5573,0.4724,0.709,2.8862,1.8421,2.3144,0.709,2.8862
VH,3,undershoot_magnitude_mV,4,1.1345,1.1213,0.4687,0.692,0.7524,1.5034,1.6032,0.7509,0.3886,1.8803,0.7524,1.5034,0.3886,1.8803
pooled,3,return_slope_mV_per_s,9,0.0462,0.0407,0.0117,0.0298,0.0398,0.0527,0.0679,0.0129,0.0372,0.0552,0.0398,0.0527,0.0372,0.0552
T,3,return_slope_mV_per_s,5,0.0453,0.0407,0.0141,0.0298,0.0407,0.0472,0.0679,0.0065,0.0278,0.0628,0.0407,0.0472,0.0278,0.0628
VH,3,return_slope_mV_per_s,4,0.0473,0.0462,0.0099,0.0382,0.0394,0.0541,0.0585,0.0147,0.0316,0.063,0.0394,0.0541,0.0316,0.063
pooled,4,peak_depolarization_mV,9,16.8185,16.9922,1.9159,13.5059,15.8277,18.6443,19.2371,2.8166,15.3458,18.2912,15.8277,18.6443,15.3458,18.2912
T,4,peak_depolarization_mV,5,17.1629,17.229,2.2669,13.5059,16.9922,18.8501,19.2371,1.8579,14.3481,19.9776,16.9922,18.8501,14.3481,19.9776
VH,4,peak_depolarization_mV,4,16.3881,15.965,1.5785,14.9779,15.6153,16.7378,18.6443,1.1225,13.8764,18.8998,15.6153,16.7378,13.8764,18.8998
pooled,4,rise_slope_mV_per_s,9,21.1252,22.0805,6.8141,12.7987,14.9034,26.6747,29.9798,11.7713,15.8874,26.363,14.9034,26.6747,15.8874,26.363
T,4,rise_slope_mV_per_s,5,26.5213,26.6747,3.0752,22.0805,25.2359,28.6355,29.9798,3.3996,22.7029,30.3397,25.2359,28.6355,22.7029,30.3397
VH,4,rise_slope_mV_per_s,4,14.3801,14.3231,1.4207,12.7987,13.5067,15.1965,16.0755,1.6897,12.1194,16.6408,13.5067,15.1965,12.1194,16.6408
pooled,4,rise_tau_s,9,0.2782,0.236,0.082,0.202,0.203,0.359,0.386,0.156,0.2152,0.3412,0.203,0.359,0.2152,0.3412
T,4,rise_tau_s,5,0.2104,0.203,0.0146,0.202,0.202,0.209,0.236,0.007,0.1923,0.2285,0.202,0.209,0.1923,0.2285
VH,4,rise_tau_s,4,0.363,0.3635,0.0195,0.339,0.354,0.3725,0.386,0.0185,0.3319,0.3941,0.354,0.3725,0.3319,0.3941
pooled,4,plateau_slope_mV_per_s,9,-0.0289,-0.045,0.0395,-0.0943,-0.0482,0.0001,0.0267,0.0483,-0.0592,0.0015,-0.0482,0.0001,-0.0592,0.0015
T,4,plateau_slope_mV_per_s,5,-0.0293,-0.0482,0.0526,-0.0943,-0.0537,0.023,0.0267,0.0767,-0.0946,0.036,-0.0537,0.023,-0.0946,0.036
VH,4,plateau_slope_mV_per_s,4,-0.0283,-0.0335,0.0219,-0.0462,-0.0453,-0.0165,0.0001,0.0288,-0.0632,0.0066,-0.0453,-0.0165,-0.0632,0.0066
pooled,4,decay_slope_mV_per_s,9,18.5353,15.4399,6.7238,11.3525,12.7686,23.5285,29.5378,10.7599,13.3669,23.7037,12.7686,23.5285,13.3669,23.7037
T,4,decay_slope_mV_per_s,5,23.2549,23.5285,5.1246,15.4399,22.5366,25.2317,29.5378,2.695,16.8918,29.6179,22.5366,25.2317,16.8918,29.6179
VH,4,decay_slope_mV_per_s,4,12.6359,12.3077,1.4201,11.3525,11.7233,13.2203,14.5756,1.4971,10.3763,14.8955,11.7233,13.2203,10.3763,14.8955
pooled,4,decay_tau_s,9,0.3227,0.297,0.0827,0.19,0.284,0.379,0.464,0.095,0.2591,0.3862,0.284,0.379,0.2591,0.3862
T,4,decay_tau_s,5,0.2626,0.284,0.0439,0.19,0.253,0.289,0.297,0.036,0.2081,0.3171,0.253,0.289,0.2081,0.3171
VH,4,decay_tau_s,4,0.3977,0.385,0.0464,0.357,0.3735,0.4092,0.464,0.0358,0.324,0.4715,0.3735,0.4092,0.324,0.4715
pooled,4,undershoot_magnitude_mV,9,2.1074,2.2485,0.9098,0.3657,1.8664,2.8943,3.103,1.0278,1.4081,2.8067,1.8664,2.8943,1.4081,2.8067
T,4,undershoot_magnitude_mV,5,2.7319,2.8943,0.3492,2.2485,2.4963,2.9174,3.103,0.4211,2.2984,3.1655,2.4963,2.9174,2.2984,3.1655
VH,4,undershoot_magnitude_mV,4,1.3268,1.4668,0.7629,0.3657,0.8918,1.9018,2.0078,1.01,0.1128,2.5407,0.8918,1.9018,0.1128,2.5407
pooled,4,return_slope_mV_per_s,9,0.063,0.0664,0.0175,0.0355,0.0471,0.0746,0.0881,0.0276,0.0496,0.0765,0.0471,0.0746,0.0496,0.0765
T,4,return_slope_mV_per_s,5,0.064,0.073,0.016,0.0462,0.0471,0.0746,0.079,0.0276,0.0441,0.0838,0.0471,0.0746,0.0441,0.0838
VH,4,return_slope_mV_per_s,4,0.0619,0.062,0.0218,0.0355,0.0521,0.0718,0.0881,0.0197,0.0272,0.0965,0.0521,0.0718,0.0272,0.0965
pooled,5,peak_depolarization_mV,9,19.6212,19.9377,2.2442,15.7727,18.0491,20.3328,22.8356,2.2837,17.8962,21.3463,18.0491,20.3328,17.8962,21.3463
T,5,peak_depolarization_mV,5,20.2363,20.0379,2.8454,15.7727,19.9377,22.5976,22.8356,2.6599,16.7033,23.7693,19.9377,22.5976,16.7033,23.7693
VH,5,peak_depolarization_mV,4,18.8524,18.5514,1.1029,17.9738,18.0303,19.3735,20.3328,1.3432,17.0974,20.6073,18.0303,19.3735,17.0974,20.6073
pooled,5,rise_slope_mV_per_s,9,26.382,27.6714,7.6916,15.4928,19.8972,31.1692,37.3335,11.2719,20.4697,32.2943,19.8972,31.1692,20.4697,32.2943
T,5,rise_slope_mV_per_s,5,32.3235,31.1692,3.7894,27.6714,30.595,34.8485,37.3335,4.2535,27.6183,37.0287,30.595,34.8485,27.6183,37.0287
VH,5,rise_slope_mV_per_s,4,18.9552,19.4796,2.4974,15.4928,18.1697,20.2651,21.3686,2.0954,14.9812,22.9292,18.1697,20.2651,14.9812,22.9292
pooled,5,rise_tau_s,9,0.2561,0.229,0.0721,0.19,0.192,0.326,0.366,0.134,0.2007,0.3115,0.192,0.326,0.2007,0.3115
T,5,rise_tau_s,5,0.1988,0.192,0.0169,0.19,0.19,0.193,0.229,0.003,0.1778,0.2198,0.19,0.193,0.1778,0.2198
VH,5,rise_tau_s,4,0.3278,0.3305,0.0338,0.284,0.3155,0.3428,0.366,0.0273,0.2739,0.3816,0.3155,0.3428,0.2739,0.3816
pooled,5,plateau_slope_mV_per_s,9,-0.0116,-0.0147,0.0464,-0.0909,-0.0289,0.0067,0.0607,0.0356,-0.0473,0.0241,-0.0289,0.0067,-0.0473,0.0241
T,5,plateau_slope_mV_per_s,5,-0.0052,-0.0147,0.0593,-0.0909,-0.0212,0.0401,0.0607,0.0613,-0.0789,0.0685,-0.0212,0.0401,-0.0789,0.0685
VH,5,plateau_slope_mV_per_s,4,-0.0196,-0.0137,0.0299,-0.0577,-0.0361,0.0028,0.0067,0.0389,-0.0671,0.0279,-0.0361,0.0028,-0.0671,0.0279
pooled,5,decay_slope_mV_per_s,9,21.6334,18.2032,7.6401,13.1369,17.3328,25.9602,36.0839,8.6273,15.7607,27.5061,17.3328,25.9602,15.7607,27.5061
T,5,decay_slope_mV_per_s,5,26.5318,25.9602,6.6378,17.6235,24.8657,28.1258,36.0839,3.2601,18.2899,34.7738,24.8657,28.1258,18.2899,34.7738
VH,5,decay_slope_mV_per_s,4,15.5104,15.3507,2.6327,13.1369,13.3107,17.5504,18.2032,4.2398,11.3211,19.6996,13.3107,17.5504,11.3211,19.6996
pooled,5,decay_tau_s,9,0.3161,0.3,0.0861,0.169,0.287,0.338,0.45,0.051,0.2499,0.3823,0.287,0.338,0.2499,0.3823
T,5,decay_tau_s,5,0.26,0.287,0.0539,0.169,0.253,0.291,0.3,0.038,0.1931,0.3269,0.253,0.291,0.1931,0.3269
VH,5,decay_tau_s,4,0.3863,0.385,0.0639,0.325,0.3347,0.4365,0.45,0.1018,0.2846,0.4879,0.3347,0.4365,0.2846,0.4879
pooled,5,undershoot_magnitude_mV,9,2.4235,2.5831,0.4836,1.7093,2.0948,2.7637,3.0298,0.6689,2.0517,2.7952,2.0948,2.7637,2.0517,2.7952
T,5,undershoot_magnitude_mV,5,2.637,2.7637,0.4914,1.7969,2.6587,2.9358,3.0298,0.2771,2.0269,3.2471,2.6587,2.9358,2.0269,3.2471
VH,5,undershoot_magnitude_mV,4,2.1566,2.1669,0.3617,1.7093,1.9984,2.325,2.5831,0.3266,1.5809,2.7322,1.9984,2.325,1.5809,2.7322
pooled,5,return_slope_mV_per_s,9,0.0674,0.0689,0.0134,0.0498,0.0537,0.0789,0.0849,0.0252,0.0571,0.0777,0.0537,0.0789,0.0571,0.0777
T,5,return_slope_mV_per_s,5,0.0659,0.0657,0.0138,0.0507,0.0537,0.0789,0.0806,0.0252,0.0488,0.0831,0.0537,0.0789,0.0488,0.0831
VH,5,return_slope_mV_per_s,4,0.0692,0.0711,0.0146,0.0498,0.0641,0.0762,0.0849,0.0121,0.046,0.0924,0.0641,0.0762,0.046,0.0924
pooled,6,peak_depolarization_mV,9,22.4977,22.5427,2.5454,18.197,20.6342,23.7889,26.1658,3.1548,20.5412,24.4543,20.6342,23.7889,20.5412,24.4543
T,6,peak_depolarization_mV,5,23.1041,22.8382,3.2009,18.197,22.5427,25.777,26.1658,3.2343,19.1297,27.0786,22.5427,25.777,19.1297,27.0786
VH,6,peak_depolarization_mV,4,21.7397,21.2761,1.4958,20.6177,20.63,22.3858,23.7889,1.7558,19.3596,24.1199,20.63,22.3858,19.3596,24.1199
pooled,6,rise_slope_mV_per_s,9,30.935,33.4915,8.6768,18.3687,25.5065,36.5558,43.0814,11.0493,24.2655,37.6046,25.5065,36.5558,24.2655,37.6046
T,6,rise_slope_mV_per_s,5,37.5202,36.5558,4.2837,33.4915,33.6898,40.7824,43.0814,7.0926,32.2012,42.8391,33.6898,40.7824,32.2012,42.8391
VH,6,rise_slope_mV_per_s,4,22.7036,23.2023,3.699,18.3687,20.2657,25.6402,26.0413,5.3745,16.8177,28.5896,20.2657,25.6402,16.8177,28.5896
pooled,6,rise_tau_s,9,0.2442,0.225,0.0681,0.177,0.185,0.305,0.352,0.12,0.1919,0.2966,0.185,0.305,0.1919,0.2966
T,6,rise_tau_s,5,0.19,0.185,0.02,0.177,0.177,0.186,0.225,0.009,0.1651,0.2149,0.177,0.186,0.1651,0.2149
VH,6,rise_tau_s,4,0.312,0.3055,0.0284,0.285,0.3,0.3175,0.352,0.0175,0.2669,0.3571,0.3,0.3175,0.2669,0.3571
pooled,6,plateau_slope_mV_per_s,9,-0.0094,-0.0126,0.0646,-0.1209,-0.0492,0.0227,0.0958,0.0719,-0.0591,0.0402,-0.0492,0.0227,-0.0591,0.0402
T,6,plateau_slope_mV_per_s,5,0.0014,-0.0079,0.084,-0.1209,-0.0223,0.0623,0.0958,0.0846,-0.1029,0.1057,-0.0223,0.0623,-0.1029,0.1057
VH,6,plateau_slope_mV_per_s,4,-0.023,-0.0309,0.0355,-0.0529,-0.0501,-0.0037,0.0227,0.0464,-0.0795,0.0335,-0.0501,-0.0037,-0.0795,0.0335
pooled,6,decay_slope_mV_per_s,9,21.9727,18.8991,7.3769,13.0475,14.983,27.6646,32.0767,12.6816,16.3024,27.6431,14.983,27.6646,16.3024,27.6431
T,6,decay_slope_mV_per_s,5,27.177,27.6646,5.3033,18.3635,27.3558,30.4245,32.0767,3.0687,20.5921,33.762,27.3558,30.4245,20.5921,33.762
VH,6,decay_slope_mV_per_s,4,15.4674,14.9615,2.4594,13.0475,14.4668,15.9621,18.8991,1.4953,11.5539,19.3808,14.4668,15.9621,11.5539,19.3808
pooled,6,decay_tau_s,9,0.3263,0.316,0.084,0.177,0.296,0.381,0.462,0.085,0.2617,0.3909,0.296,0.381,0.2617,0.3909
T,6,decay_tau_s,5,0.2698,0.296,0.058,0.177,0.25,0.31,0.316,0.06,0.1978,0.3418,0.25,0.31,0.1978,0.3418
VH,6,decay_tau_s,4,0.397,0.39,0.0486,0.346,0.3723,0.4148,0.462,0.0425,0.3197,0.4743,0.3723,0.4148,0.3197,0.4743
pooled,6,undershoot_magnitude_mV,9,2.4268,2.6253,0.5703,1.5553,1.9653,2.738,3.2751,0.7727,1.9885,2.8652,1.9653,2.738,1.9885,2.8652
T,6,undershoot_magnitude_mV,5,2.7774,2.738,0.3848,2.2455,2.6453,2.9834,3.2751,0.3381,2.2997,3.2552,2.6453,2.9834,2.2997,3.2552
VH,6,undershoot_magnitude_mV,4,1.9885,1.8867,0.4569,1.5553,1.745,2.1303,2.6253,0.3854,1.2615,2.7156,1.745,2.1303,1.2615,2.7156
pooled,6,return_slope_mV_per_s,9,0.0656,0.0657,0.0174,0.032,0.0612,0.0737,0.0892,0.0125,0.0522,0.079,0.0612,0.0737,0.0522,0.079
T,6,return_slope_mV_per_s,5,0.0663,0.0648,0.0142,0.0504,0.0612,0.0657,0.0892,0.0045,0.0487,0.0839,0.0612,0.0657,0.0487,0.0839
VH,6,return_slope_mV_per_s,4,0.0647,0.0704,0.0232,0.032,0.0583,0.0768,0.0861,0.0185,0.0278,0.1016,0.0583,0.0768,0.0278,0.1016
